Age,Education,Marital_Status,Income,MntFruits,MntMeatProducts,MntFishProducts,MntSweetProducts,MntGoldProds
64,Bachelor,Single,58138.0,88,546,172,88,88
67,Bachelor,Single,46344.0,1,6,2,1,6
56,Bachelor,Other,71613.0,49,127,111,21,42
37,Bachelor,Other,26646.0,4,20,10,3,5
40,PhD,Married,58293.0,43,118,46,27,15
54,Master,Other,62513.0,42,98,0,42,14
50,Bachelor,Divorced,55635.0,65,164,50,49,27
36,PhD,Married,33454.0,10,56,3,1,23
47,PhD,Other,30351.0,0,24,3,3,2
38,Bachelor,Married,52247.25135379061,5,6,0,2,1
62,Bachelor,Divorced,63033.0,61,480,225,112,30
69,Master,Divorced,59354.0,2,53,3,5,14
34,Bachelor,Married,17323.0,14,17,6,1,5
75,PhD,Single,82800.0,22,115,59,68,45
41,Bachelor,Married,41850.0,5,19,2,13,4
75,Bachelor,Other,37760.0,5,38,150,12,28
72,Master,Married,76995.0,80,498,0,16,176
36,Master,Single,33812.0,17,19,30,24,39
39,Bachelor,Married,37040.0,2,73,69,38,48
72,PhD,Married,58607.0,0,86,0,0,19
67,PhD,Married,65324.0,0,102,21,32,5
70,Bachelor,Other,40689.0,3,27,39,6,99
52,Bachelor,Single,18589.0,4,25,15,12,13
45,Bachelor,Married,53359.0,4,30,3,6,41
35,Bachelor,Single,52247.25135379061,1,3,3,263,362
32,Bachelor,Married,38360.0,2,42,20,21,10
56,PhD,Married,84618.0,100,801,21,66,0
32,Master,Divorced,10979.0,4,10,2,2,4
58,Master,Other,38620.0,17,44,34,22,89
51,Bachelor,Other,40548.0,0,5,2,0,3
69,PhD,Divorced,46610.0,12,96,33,22,43
75,Master,Married,68657.0,34,471,119,68,22
70,Master,Single,49389.0,0,19,2,1,3
51,PhD,Married,67353.0,17,151,0,8,35
45,Master,Married,23718.0,3,14,15,7,36
48,Bachelor,Widow,42429.0,0,6,2,0,4
78,PhD,Divorced,48948.0,8,206,160,49,42
41,Bachelor,Married,80011.0,76,536,82,178,102
36,Master,Married,20559.0,1,29,3,0,7
64,Bachelor,Other,21994.0,0,6,3,1,3
62,PhD,Single,52247.25135379061,11,50,3,2,39
45,Bachelor,Single,79941.0,164,266,227,30,174
53,Bachelor,Other,41728.0,6,15,3,5,13
70,Bachelor,Single,52247.25135379061,5,48,6,10,7
67,PhD,Married,72550.0,50,317,50,38,38
64,Bachelor,Widow,65486.0,19,125,37,67,14
57,Master,Married,79143.0,37,780,27,167,32
44,Bachelor,Single,35790.0,6,20,30,1,3
44,Bachelor,Divorced,82582.0,120,550,156,40,241
43,Bachelor,Married,66373.0,9,124,12,24,109
66,Master,Other,82384.0,51,432,180,120,190
55,Bachelor,Divorced,70287.0,35,482,121,120,40
33,Bachelor,Single,27938.0,0,8,2,1,5
39,Bachelor,Single,52247.25135379061,3,22,2,2,6
53,PhD,Married,55954.0,0,28,0,0,43
39,Master,Single,75777.0,26,538,69,13,80
46,Bachelor,Other,66653.0,18,102,16,18,6
69,Bachelor,Single,61823.0,7,134,37,14,169
70,PhD,Widow,67680.0,0,48,0,6,6
73,Bachelor,Other,70666.0,40,367,119,122,30
50,Bachelor,Married,25721.0,3,6,3,6,15
54,Bachelor,Other,32474.0,0,1,0,0,0
42,Master,Single,88194.0,14,309,201,24,38
63,Bachelor,Other,69096.0,49,159,7,82,109
51,Bachelor,Other,74854.0,59,487,58,29,73
67,Master,Married,66991.0,36,460,189,60,12
48,Master,Married,52247.25135379061,3,43,17,4,17
62,Bachelor,Married,65031.0,107,291,84,37,86
46,PhD,Married,60631.0,6,65,0,6,19
69,Bachelor,Married,28332.0,10,13,4,15,9
44,Bachelor,Divorced,40246.0,1,6,2,1,1
49,Master,Married,75251.0,111,925,97,18,18
45,Bachelor,Single,75825.0,105,779,137,105,51
45,Master,Other,26326.0,0,5,0,3,9
56,Bachelor,Other,56046.0,0,64,0,0,51
36,Bachelor,Single,29760.0,4,68,7,5,17
52,Bachelor,Married,26304.0,1,5,2,0,4
48,Master,Married,23559.0,5,19,7,0,23
58,Master,Other,38620.0,17,44,34,22,89
34,Bachelor,Divorced,81361.0,23,424,27,65,76
61,Bachelor,Married,29440.0,8,14,10,4,3
51,Master,Married,36138.0,0,16,0,0,5
64,Bachelor,Single,50388.0,6,37,0,3,34
48,Bachelor,Married,79593.0,60,568,110,133,145
54,Bachelor,Other,54178.0,9,39,4,0,7
64,PhD,Married,52247.25135379061,42,192,49,37,53
64,Bachelor,Single,52247.25135379061,0,8,2,0,1
48,Master,Other,52247.25135379061,37,359,98,28,18
49,Master,Single,42394.0,2,10,0,1,4
51,PhD,Married,23626.0,2,14,0,0,0
38,Bachelor,Married,30096.0,3,11,12,5,9
61,Bachelor,Widow,47916.0,0,26,0,0,75
49,Bachelor,Divorced,51813.0,2,7,0,1,2
70,Master,Married,78497.0,26,447,75,0,223
38,PhD,Married,50150.0,46,92,65,61,11
61,Master,Single,47823.0,1,5,2,1,10
62,PhD,Single,34554.0,1,6,2,0,5
42,Bachelor,Other,85693.0,172,183,185,132,111
76,PhD,Married,65846.0,81,276,80,40,81
62,Bachelor,Married,87195.0,76,690,50,26,38
42,Basic,Other,24594.0,3,6,10,0,9
57,Bachelor,Married,49096.0,1,32,2,1,7
52,Bachelor,Married,52413.0,106,271,75,98,65
43,Bachelor,Single,38557.0,3,31,4,4,27
61,Master,Married,89058.0,194,106,31,22,43
42,Bachelor,Other,77298.0,115,292,23,35,79
30,PhD,Single,68126.0,17,311,23,51,86
58,Master,Other,57288.0,0,21,0,0,60
30,Bachelor,Single,86037.0,44,125,29,20,22
41,PhD,Married,43974.0,0,101,0,0,72
59,Bachelor,Single,50785.0,1,21,0,1,27
51,Bachelor,Married,90765.0,99,812,151,82,33
43,Master,Married,36550.0,90,94,123,103,120
54,Master,Other,30753.0,5,25,0,9,30
52,Bachelor,Other,21918.0,6,7,11,5,3
68,Master,Other,56129.0,48,133,39,72,48
54,Master,Single,32557.0,3,29,0,4,10
36,Master,Married,19510.0,0,7,3,4,7
45,Bachelor,Divorced,30992.0,0,14,7,3,2
38,Bachelor,Single,101970.0,27,102,44,72,168
56,Master,Other,71488.0,33,124,40,28,172
37,Bachelor,Single,79607.0,133,951,173,0,216
68,Master,Married,54348.0,0,16,0,0,4
60,PhD,Married,52247.25135379061,0,27,10,0,15
65,PhD,Other,77376.0,19,110,16,12,12
69,Bachelor,Married,62998.0,58,73,65,89,58
63,Master,Single,61331.0,5,47,0,5,41
52,Bachelor,Married,73448.0,106,189,23,41,130
58,Bachelor,Married,52247.25135379061,65,196,38,71,124
57,PhD,Married,41551.0,0,33,3,0,23
54,PhD,Other,62981.0,14,590,38,44,0
62,PhD,Married,33762.0,1,34,2,0,16
48,PhD,Single,35860.0,0,8,4,2,20
56,PhD,Divorced,36921.0,1,12,3,1,4
29,Master,Single,92859.0,61,921,52,61,20
45,Master,Other,65104.0,0,232,13,20,50
59,Bachelor,Married,86111.0,28,756,36,40,126
47,PhD,Single,68352.0,16,132,43,33,33
33,Bachelor,Other,41883.0,34,41,73,16,116
45,Bachelor,Married,59809.0,16,141,32,41,49
46,Bachelor,Married,23957.0,1,18,20,11,16
40,Bachelor,Other,38547.0,1,10,0,1,4
48,Master,Married,35688.0,3,90,12,1,32
55,Master,Married,49605.0,16,29,12,20,8
68,Master,Married,59354.0,21,78,39,13,13
52,Bachelor,Married,65747.0,17,48,23,13,13
49,Master,Other,46344.0,20,57,8,20,91
33,Bachelor,Single,34176.0,7,24,19,14,20
69,PhD,Other,61010.0,0,57,0,0,76
72,Bachelor,Other,69372.0,26,269,34,13,42
63,Bachelor,Single,49967.0,6,69,4,12,3
43,Bachelor,Single,60199.0,1,7,2,0,0
44,Bachelor,Other,55375.0,11,57,10,28,14
66,Bachelor,Single,80317.0,11,387,149,91,57
63,Master,Single,30523.0,0,3,0,0,5
76,PhD,Married,70356.0,16,249,43,16,33
37,Bachelor,Married,23228.0,3,49,7,4,5
46,PhD,Divorced,74165.0,12,240,16,12,12
48,PhD,Married,157243.0,2,1582,1,2,1
55,Bachelor,Other,43482.0,1,32,6,3,28
68,Bachelor,Divorced,62551.0,16,98,134,21,27
62,Bachelor,Divorced,52332.0,5,33,7,0,2
33,Bachelor,Single,66951.0,162,305,173,76,124
64,Bachelor,Other,26091.0,10,19,8,17,20
56,Bachelor,Other,33456.0,3,10,8,1,7
39,Bachelor,Married,28718.0,4,6,11,8,16
51,Bachelor,Married,50447.0,7,24,2,3,27
62,PhD,Other,53537.0,0,6,0,0,6
54,Bachelor,Single,52074.0,0,12,0,0,48
46,PhD,Married,80427.0,71,449,69,71,26
73,PhD,Married,83837.0,66,119,86,89,111
51,PhD,Married,38853.0,0,14,0,0,2
62,Bachelor,Other,38285.0,0,5,2,0,1
70,Master,Married,78497.0,26,447,75,0,223
45,PhD,Married,51650.0,3,22,2,5,7
33,Master,Married,16248.0,11,10,3,12,9
75,Master,Married,66835.0,26,195,34,17,141
37,Master,Married,30477.0,1,6,0,0,12
60,Basic,Married,28249.0,9,7,2,14,10
38,Bachelor,Married,25271.0,1,18,10,4,7
51,PhD,Single,32303.0,0,2,0,0,2
55,Bachelor,Married,61286.0,0,107,19,9,117
45,Bachelor,Married,74068.0,30,537,140,76,15
57,PhD,Married,45759.0,1,18,3,0,4
43,Basic,Other,24882.0,4,10,29,0,36
32,PhD,Other,66973.0,22,432,147,113,102
121,Master,Divorced,36640.0,6,8,7,4,25
33,Bachelor,Married,38872.0,3,21,3,19,22
48,Bachelor,Married,51148.0,6,45,8,9,12
44,Bachelor,Married,31353.0,0,10,3,1,7
41,Master,Married,69661.0,16,106,32,16,8
67,Bachelor,Married,80067.0,17,813,27,173,51
67,Bachelor,Married,86718.0,189,482,50,33,172
48,PhD,Single,46854.0,1,79,7,1,79
69,Bachelor,Divorced,69142.0,4,34,6,4,39
53,Bachelor,Single,75922.0,138,553,224,23,92
43,Bachelor,Divorced,63693.0,43,337,42,87,54
44,PhD,Other,102160.0,29,138,76,176,58
56,PhD,Single,40637.0,0,13,0,0,3
37,Master,Single,18890.0,4,1,7,2,15
33,Bachelor,Other,29604.0,6,13,7,6,14
58,Master,Divorced,48721.0,18,113,47,13,21
55,Bachelor,Married,44794.0,0,7,0,0,4
67,Bachelor,Divorced,64497.0,48,320,42,32,192
65,Bachelor,Other,46097.0,24,68,65,4,8
67,Bachelor,Other,77972.0,22,319,33,102,12
53,PhD,Married,44377.0,0,30,0,0,10
47,Master,Other,46014.0,0,59,19,9,44
36,Bachelor,Married,70951.0,10,554,254,87,54
44,Bachelor,Married,41443.0,7,171,25,19,89
43,Master,Single,52195.0,0,4,0,0,1
73,Master,Married,83790.0,16,417,42,48,16
67,Master,Widow,44551.0,4,33,0,0,66
41,Bachelor,Other,69508.0,32,162,42,32,43
33,Master,Other,45204.0,11,25,29,1,18
52,Bachelor,Married,72460.0,10,540,80,30,10
51,PhD,Other,77622.0,7,154,19,0,14
41,PhD,Married,30732.0,1,25,0,1,3
59,Bachelor,Divorced,63887.0,23,207,15,11,92
43,Bachelor,Other,42011.0,0,16,2,1,39
45,Bachelor,Other,51369.0,7,79,0,11,182
69,Bachelor,Divorced,51537.0,20,204,0,0,92
49,PhD,Married,79930.0,86,740,67,51,17
35,PhD,Other,34320.0,1,9,3,0,0
55,Bachelor,Single,37070.0,7,137,4,15,39
59,Master,Divorced,81975.0,76,184,180,138,27
50,Bachelor,Other,38590.0,1,8,4,3,3
70,Bachelor,Single,15033.0,4,5,6,0,4
56,PhD,Married,62745.0,21,464,28,10,32
46,Master,Married,22212.0,9,20,6,8,21
39,Master,Other,23661.0,0,4,0,0,1
63,PhD,Single,79761.0,5,124,15,35,11
128,Master,Single,60182.0,0,5,7,0,2
53,Bachelor,Widow,73455.0,61,757,186,163,20
63,Bachelor,Other,64961.0,114,276,75,124,38
50,Bachelor,Single,22804.0,1,7,2,1,1
31,Bachelor,Married,73687.0,153,503,218,13,181
63,Bachelor,Married,61074.0,0,133,0,28,152
57,PhD,Married,31686.0,0,5,0,0,1
49,Bachelor,Married,80134.0,16,272,104,0,80
68,Bachelor,Married,75027.0,64,179,133,12,77
33,PhD,Married,67546.0,134,768,150,38,172
52,Master,Other,65176.0,28,183,220,70,70
46,Master,Single,31160.0,3,25,6,1,13
36,Bachelor,Single,29938.0,3,7,0,2,11
47,Bachelor,Divorced,102692.0,148,444,32,172,148
63,Master,Other,26490.0,47,52,21,20,25
54,Bachelor,Other,75702.0,28,353,45,42,30
47,PhD,Single,30899.0,0,8,0,0,1
60,PhD,Other,63342.0,21,118,13,10,21
57,Bachelor,Single,45989.0,33,87,28,24,12
57,Bachelor,Single,18701.0,4,2,10,6,10
64,PhD,Single,40737.0,0,4,0,0,2
42,Bachelor,Divorced,15287.0,2,8,4,3,13
53,PhD,Divorced,69674.0,41,215,11,0,24
51,Master,Married,44159.0,2,62,24,13,7
43,PhD,Married,37717.0,0,6,4,1,5
69,Master,Other,43776.0,2,71,3,2,20
55,Master,Married,38179.0,4,22,4,2,20
58,Bachelor,Married,80124.0,84,398,205,84,241
51,PhD,Married,38097.0,2,35,0,1,69
51,Bachelor,Married,72940.0,74,298,162,149,116
51,Bachelor,Other,22070.0,7,19,8,2,21
68,Bachelor,Single,69267.0,44,499,95,73,146
38,Master,Single,31788.0,7,23,0,8,6
46,PhD,Other,61905.0,0,43,6,2,13
61,Bachelor,Married,29315.0,2,14,8,7,4
58,Bachelor,Divorced,33378.0,6,40,3,7,10
58,PhD,Other,66313.0,7,99,10,22,7
65,Bachelor,Single,60714.0,162,224,101,92,162
40,Master,Other,77882.0,129,396,188,22,15
35,PhD,Single,69867.0,0,512,33,130,54
53,Master,Divorced,63841.0,15,100,20,7,131
40,Basic,Married,24480.0,19,9,28,25,17
45,Bachelor,Other,51369.0,7,79,0,11,182
75,Bachelor,Other,37760.0,5,38,150,12,28
47,PhD,Other,65640.0,7,149,20,15,66
46,Master,Married,44319.0,0,8,0,0,3
47,Bachelor,Married,30631.0,6,20,4,5,20
69,Bachelor,Other,75278.0,98,230,150,74,74
65,Master,Other,50898.0,28,242,55,114,135
55,Bachelor,Widow,79946.0,183,565,166,141,28
72,Master,Divorced,35416.0,3,81,4,3,51
37,Master,Other,32414.0,6,5,0,9,12
52,Bachelor,Other,38361.0,0,56,20,8,14
41,Bachelor,Married,82497.0,129,573,216,21,203
50,Bachelor,Other,16626.0,3,22,21,1,13
56,Bachelor,Other,29672.0,1,3,0,4,8
69,Master,Other,55951.0,0,80,0,13,40
33,Master,Divorced,35388.0,4,7,4,3,8
35,Master,Other,42386.0,4,16,0,4,11
39,Bachelor,Single,68627.0,15,263,60,54,38
56,PhD,Divorced,57912.0,0,80,0,0,35
63,Bachelor,Divorced,35246.0,0,12,2,2,10
65,Master,Other,58821.0,14,154,19,0,28
43,PhD,Married,46377.0,0,46,4,3,0
33,Bachelor,Single,39747.0,15,93,20,13,52
37,Bachelor,Other,23976.0,1,21,2,3,25
60,Master,Married,80950.0,147,112,219,147,63
55,Bachelor,Widow,27038.0,26,25,17,23,15
74,Bachelor,Single,77457.0,11,400,15,45,11
57,Master,Married,64100.0,0,27,0,0,10
29,Master,Other,42670.0,2,46,20,4,15
45,Bachelor,Divorced,12571.0,5,14,2,12,17
54,Bachelor,Married,22574.0,0,8,2,0,2
32,Bachelor,Married,52247.25135379061,138,461,60,30,61
45,Master,Single,70893.0,44,561,77,44,14
55,Bachelor,Married,54198.0,0,28,3,2,17
65,Master,Other,28839.0,0,7,0,0,1
49,Bachelor,Married,40321.0,4,21,6,0,27
36,Bachelor,Single,66503.0,64,128,65,3,50
70,Bachelor,Married,30833.0,0,7,3,1,6
51,Bachelor,Single,52247.25135379061,20,172,52,50,20
50,Bachelor,Married,64795.0,5,119,38,29,77
47,Bachelor,Married,34421.0,3,7,6,2,9
56,PhD,Divorced,47025.0,0,3,0,0,1
60,PhD,Divorced,64325.0,60,353,78,12,73
68,Bachelor,Single,40464.0,17,118,7,23,41
64,Bachelor,Married,62187.0,0,275,45,45,126
45,PhD,Divorced,14849.0,2,28,3,2,9
37,Bachelor,Married,27255.0,1,11,0,1,2
71,PhD,Married,54432.0,0,5,0,0,0
35,PhD,Single,29999.0,7,59,10,5,11
38,Bachelor,Single,24072.0,1,6,3,0,4
32,PhD,Single,33996.0,2,15,8,0,6
65,PhD,Married,66334.0,11,218,0,0,23
50,Master,Married,35178.0,1,13,2,2,18
38,Bachelor,Other,22010.0,2,9,3,0,8
61,Bachelor,Divorced,62204.0,46,247,151,46,139
53,Bachelor,Divorced,75693.0,153,293,72,97,30
49,Bachelor,Married,30675.0,2,16,11,2,21
56,Bachelor,Other,83003.0,61,570,40,25,122
122,PhD,Other,83532.0,144,562,104,64,224
33,Bachelor,Single,68655.0,19,832,75,118,38
35,Bachelor,Divorced,41411.0,32,38,11,3,18
52,PhD,Married,55212.0,0,45,0,0,34
71,PhD,Other,59292.0,14,68,19,14,14
48,Basic,Other,27190.0,6,7,0,1,3
69,Bachelor,Divorced,82623.0,34,204,172,153,173
56,Bachelor,Married,44300.0,0,9,0,0,3
51,Bachelor,Divorced,84835.0,104,379,111,189,218
50,Bachelor,Widow,30372.0,0,12,7,3,7
45,Master,Married,33181.0,0,3,0,0,4
64,Bachelor,Married,71113.0,33,255,11,33,8
35,Bachelor,Married,71952.0,80,455,52,107,93
55,PhD,Single,69759.0,20,514,13,30,0
47,Bachelor,Married,72099.0,91,410,119,0,22
45,PhD,Single,60000.0,0,217,0,0,12
43,Bachelor,Single,38643.0,2,14,0,1,10
66,Bachelor,Married,50737.0,0,11,0,0,10
52,PhD,Married,68462.0,64,785,84,128,48
78,Master,Married,65073.0,17,177,69,0,8
73,PhD,Other,46681.0,15,69,15,19,38
64,Bachelor,Married,78618.0,163,818,212,163,61
52,PhD,Widow,62187.0,0,83,0,0,41
43,Bachelor,Married,28442.0,3,10,11,8,6
43,PhD,Married,37717.0,0,6,4,1,5
54,Bachelor,Married,51479.0,8,160,6,8,65
52,Bachelor,Single,54803.0,0,92,28,27,142
61,Bachelor,Married,79530.0,0,815,129,42,29
45,Bachelor,Divorced,31615.0,3,20,6,11,9
59,Bachelor,Other,72025.0,33,549,151,133,233
46,PhD,Single,52614.0,0,142,12,9,38
37,Master,Married,35684.0,4,7,0,6,3
46,Bachelor,Married,48178.0,4,45,6,2,38
51,Master,Single,29548.0,1,6,3,1,11
55,Bachelor,Single,63810.0,12,253,16,12,101
49,PhD,Single,38578.0,4,22,3,3,3
46,Master,Single,46098.0,0,27,0,0,36
51,Bachelor,Single,22585.0,9,15,13,2,39
32,Bachelor,Single,30279.0,4,14,4,4,1
60,PhD,Other,66426.0,24,97,32,24,157
52,Bachelor,Single,30822.0,9,13,2,12,12
52,PhD,Married,33581.0,0,5,0,0,1
36,Bachelor,Married,19986.0,6,5,0,2,6
67,Bachelor,Widow,27421.0,12,96,78,40,55
48,Master,Married,35688.0,3,90,12,1,32
40,Master,Single,36143.0,0,1,0,0,6
50,Bachelor,Single,10245.0,7,7,6,4,13
53,Master,Other,43795.0,11,53,4,3,107
61,Bachelor,Other,63381.0,50,142,33,50,159
72,Bachelor,Other,38823.0,0,11,2,8,23
53,PhD,Divorced,83664.0,21,151,28,21,86
42,Bachelor,Other,90300.0,134,786,33,134,57
42,Master,Other,62499.0,4,61,0,13,4
28,Bachelor,Single,74293.0,152,335,93,91,81
75,PhD,Married,51012.0,9,63,2,9,24
53,Master,Married,70777.0,35,113,0,7,78
30,PhD,Other,68682.0,0,505,99,30,45
50,Bachelor,Married,43824.0,1,42,12,3,32
37,Bachelor,Other,15345.0,2,16,3,2,19
34,Bachelor,Single,23442.0,0,6,8,6,5
41,Master,Other,14515.0,4,9,6,36,35
65,Master,Divorced,31395.0,1,25,0,8,7
56,Bachelor,Other,75276.0,105,125,137,42,21
47,Bachelor,Single,42373.0,5,61,3,8,19
61,Bachelor,Other,30507.0,36,74,38,20,110
66,PhD,Single,55521.0,0,26,0,0,4
56,Bachelor,Married,48006.0,0,11,3,2,2
49,PhD,Single,27213.0,3,26,10,9,3
50,PhD,Divorced,65808.0,7,80,13,7,10
47,PhD,Other,30351.0,0,24,3,3,2
58,Bachelor,Married,50437.0,9,92,6,9,4
39,Master,Single,23616.0,22,11,3,7,32
45,Bachelor,Married,53858.0,53,221,58,150,26
66,PhD,Married,66465.0,0,204,38,29,14
34,Bachelor,Single,46923.0,44,54,102,78,6
59,Bachelor,Other,75072.0,34,309,0,22,125
78,PhD,Married,75865.0,0,591,156,0,12
46,Master,Other,19789.0,5,9,28,6,28
27,Bachelor,Other,80134.0,26,282,52,26,26
40,Bachelor,Single,91065.0,114,108,179,137,114
50,Master,Married,49505.0,0,100,19,0,28
48,PhD,Married,37401.0,3,19,3,1,3
38,Bachelor,Married,30096.0,3,11,12,5,9
39,Master,Other,18492.0,2,2,2,1,1
47,Master,Married,82584.0,68,103,29,91,68
80,PhD,Married,93027.0,42,716,55,0,21
68,Bachelor,Married,48686.0,0,7,2,0,1
35,Bachelor,Married,92910.0,137,792,179,103,33
32,Bachelor,Married,75433.0,0,297,0,34,57
32,Master,Other,10404.0,2,11,10,6,12
53,Bachelor,Married,61314.0,0,189,97,172,172
60,PhD,Single,84865.0,16,349,43,16,16
32,Bachelor,Married,42387.0,0,235,19,4,191
54,Master,Other,67309.0,47,181,149,95,95
57,Bachelor,Married,75236.0,66,400,12,38,114
51,Bachelor,Single,30015.0,0,22,2,3,5
65,Master,Other,50943.0,0,7,2,0,6
55,Bachelor,Divorced,67272.0,35,271,28,28,14
72,Master,Widow,51529.0,4,35,6,0,22
50,PhD,Married,32011.0,0,15,2,1,5
32,Bachelor,Married,28691.0,4,13,8,0,4
73,PhD,Married,56223.0,28,31,16,0,4
75,Bachelor,Married,18100.0,1,2,4,3,1
32,Bachelor,Single,30279.0,4,14,4,4,1
47,Master,Married,20130.0,6,3,7,6,12
62,Bachelor,Divorced,23295.0,0,1,2,12,5
49,Master,Divorced,42618.0,14,74,13,5,10
57,Bachelor,Single,81246.0,190,537,61,156,37
45,Bachelor,Married,24027.0,7,11,11,0,5
68,PhD,Married,55707.0,7,82,30,66,35
66,Bachelor,Single,57959.0,16,322,43,24,33
52,Bachelor,Married,56796.0,38,161,62,47,37
50,Master,Single,36230.0,2,30,8,2,3
41,Master,Married,70829.0,70,106,72,19,23
45,Bachelor,Married,65991.0,19,364,25,47,9
49,Bachelor,Married,38988.0,24,103,12,3,42
55,Master,Single,89572.0,24,974,197,194,64
37,Master,Married,42207.0,11,72,3,17,46
69,Bachelor,Married,50300.0,15,60,24,23,5
39,Master,Other,66664.0,96,447,220,96,32
57,Bachelor,Married,60597.0,0,257,32,16,66
72,Bachelor,Widow,70165.0,0,253,199,191,122
63,PhD,Widow,50520.0,0,6,2,1,14
58,Bachelor,Married,80124.0,84,398,205,84,241
46,Bachelor,Married,33183.0,5,39,17,15,37
52,PhD,Single,66582.0,25,420,16,38,0
66,PhD,Other,75261.0,17,413,23,34,17
51,Bachelor,Widow,31880.0,1,5,2,0,3
70,Bachelor,Married,53790.0,42,127,28,5,5
50,PhD,Other,49269.0,8,166,11,8,58
46,Bachelor,Married,61456.0,76,384,84,192,89
41,Bachelor,Married,37406.0,0,8,2,2,3
40,PhD,Other,56937.0,8,125,11,8,8
43,Bachelor,Married,38415.0,1,13,4,0,4
33,Bachelor,Single,20518.0,1,6,4,1,9
65,Bachelor,Married,62503.0,0,193,110,75,117
49,PhD,Single,41644.0,3,4,2,0,2
44,Master,Married,55842.0,0,39,0,4,24
49,PhD,Married,62010.0,22,39,6,0,92
44,Bachelor,Married,41124.0,7,84,15,0,119
48,Master,Married,38961.0,7,19,0,1,24
49,Master,Divorced,37760.0,3,13,2,10,0
47,Bachelor,Single,32233.0,15,35,25,11,72
46,Bachelor,Married,43057.0,2,44,0,2,5
61,Master,Other,83151.0,28,100,120,74,18
57,PhD,Divorced,78825.0,74,114,169,37,18
45,Master,Other,65104.0,0,232,13,20,50
47,Bachelor,Married,60093.0,12,109,16,6,90
52,Bachelor,Married,14045.0,0,5,2,1,1
69,Master,Widow,28457.0,1,108,29,29,14
63,PhD,Other,78952.0,19,594,99,76,134
45,Bachelor,Divorced,46310.0,2,88,15,5,14
66,Bachelor,Other,76005.0,20,389,240,50,40
57,Master,Single,58308.0,0,69,10,0,130
77,PhD,Divorced,55614.0,13,131,8,0,26
59,Master,Divorced,59432.0,25,265,25,19,12
43,Bachelor,Divorced,55563.0,1,9,2,0,2
50,PhD,Other,78642.0,0,322,46,35,17
72,PhD,Other,67911.0,0,356,63,28,0
77,Bachelor,Married,65275.0,14,218,91,14,21
71,Bachelor,Other,27203.0,2,21,4,0,24
60,Master,Other,48330.0,0,4,0,0,0
31,Basic,Married,24279.0,36,21,20,62,108
36,PhD,Married,64355.0,0,140,67,38,153
65,Master,Other,50943.0,0,7,2,0,6
68,Bachelor,Widow,53653.0,10,239,28,10,108
45,Bachelor,Married,65665.0,162,387,106,36,29
32,Bachelor,Single,81217.0,70,324,146,40,84
29,Bachelor,Married,34935.0,4,66,3,10,20
62,Bachelor,Divorced,61250.0,138,65,60,26,59
40,PhD,Other,39665.0,1,56,0,1,31
42,Bachelor,Single,60152.0,83,300,86,58,91
57,Bachelor,Married,48920.0,17,68,8,10,6
62,Master,Other,89120.0,92,408,72,129,55
75,PhD,Other,44124.0,0,55,0,6,52
46,Master,Single,81169.0,20,613,80,61,27
60,Bachelor,Married,36443.0,0,46,4,3,20
31,Bachelor,Single,26095.0,7,9,3,1,11
62,Bachelor,Other,71367.0,23,389,42,21,75
77,Master,Married,80184.0,134,670,25,38,0
56,Bachelor,Divorced,30630.0,1,12,2,0,10
34,Master,Single,73454.0,73,351,56,14,175
30,Bachelor,Married,42691.0,2,64,38,17,58
68,Bachelor,Married,70503.0,33,216,0,33,66
34,Bachelor,Married,25545.0,1,64,16,12,85
35,Bachelor,Married,32880.0,4,15,7,6,2
63,PhD,Other,77863.0,38,319,16,25,12
44,Master,Married,50353.0,15,153,67,31,35
57,Bachelor,Single,61839.0,155,379,224,17,120
61,PhD,Married,49154.0,10,67,30,27,71
46,Master,Widow,47682.0,61,83,97,57,61
52,Bachelor,Single,72679.0,54,260,127,54,54
44,Master,Other,57954.0,4,24,0,0,9
59,Bachelor,Married,65316.0,6,92,3,9,38
39,Bachelor,Single,28567.0,3,22,2,2,6
70,Master,Other,47352.0,12,112,8,0,15
54,Bachelor,Other,44931.0,0,11,0,0,7
54,Bachelor,Divorced,76982.0,151,292,65,60,30
69,Master,Other,57247.0,4,32,37,54,6
40,Master,Single,22944.0,3,19,4,5,26
44,Master,Other,25315.0,9,8,11,3,22
52,Bachelor,Widow,43638.0,10,83,7,19,19
37,PhD,Single,42710.0,3,42,4,3,102
39,PhD,Married,84169.0,19,403,0,19,0
45,Bachelor,Other,54058.0,18,252,32,108,54
31,Master,Married,24683.0,4,10,6,7,6
57,Bachelor,Widow,85620.0,46,925,60,107,46
41,Bachelor,Married,47850.0,7,43,20,12,10
53,Bachelor,Married,19514.0,3,21,2,1,28
48,Master,Married,27159.0,0,3,0,0,1
58,Master,Single,39548.0,4,10,3,4,18
32,Bachelor,Single,21474.0,16,24,11,0,34
50,PhD,Single,60504.0,0,24,6,4,34
58,Bachelor,Married,22419.0,3,47,19,21,42
72,Master,Married,81698.0,28,520,111,123,47
69,Bachelor,Other,43462.0,17,97,15,6,15
43,PhD,Single,54880.0,85,137,102,45,118
39,Bachelor,Married,79908.0,129,761,29,185,111
51,Master,Married,15315.0,4,13,15,8,17
62,Bachelor,Other,87771.0,38,287,50,57,33
43,Bachelor,Married,33039.0,8,12,8,8,12
41,Bachelor,Single,81741.0,153,940,58,134,38
50,Master,Other,71499.0,25,132,136,0,37
51,Master,Married,62466.0,129,259,168,121,83
58,PhD,Divorced,48799.0,18,81,28,6,24
71,PhD,Other,52157.0,2,29,3,2,40
59,Bachelor,Single,66565.0,10,161,65,40,42
70,Master,Other,29298.0,0,2,2,0,1
42,Bachelor,Single,47691.0,0,3,0,0,4
51,Bachelor,Other,38200.0,0,4,0,0,1
47,Bachelor,Married,44989.0,0,106,49,10,106
53,PhD,Married,38443.0,0,5,0,0,1
43,Master,Single,38593.0,12,49,17,24,24
51,PhD,Other,64413.0,5,44,0,10,20
40,Master,Married,36959.0,6,25,6,0,0
44,PhD,Married,61996.0,12,144,0,0,24
53,Bachelor,Married,51287.0,0,22,13,0,30
51,Bachelor,Married,13260.0,4,17,10,2,7
55,PhD,Other,47472.0,0,11,0,0,8
65,Master,Other,54603.0,13,46,17,2,4
47,PhD,Married,45207.0,0,10,0,0,2
70,Bachelor,Other,40689.0,3,27,39,6,99
54,Master,Other,47821.0,0,16,6,6,10
70,Master,Married,27450.0,12,23,8,11,52
38,Bachelor,Other,39453.0,0,7,0,0,2
50,Master,Other,26850.0,1,13,7,2,9
66,Bachelor,Widow,79800.0,21,530,32,0,224
60,Master,Married,61794.0,47,188,54,47,11
66,Bachelor,Other,53863.0,4,30,6,4,30
62,Bachelor,Other,24221.0,9,9,2,5,22
37,PhD,Single,39684.0,0,35,6,4,17
46,Master,Married,92163.0,183,797,106,163,20
56,Master,Single,69882.0,127,635,132,127,165
44,Bachelor,Other,33178.0,6,2,11,2,16
49,PhD,Married,59973.0,30,168,20,34,0
46,Master,Other,17459.0,4,16,3,10,30
52,Bachelor,Divorced,23910.0,12,18,7,1,13
52,Master,Married,42169.0,0,9,0,0,2
43,Master,Married,26224.0,7,15,13,9,15
40,Bachelor,Other,31089.0,3,31,2,8,4
60,Bachelor,Single,30081.0,0,2,0,0,4
61,Bachelor,Other,62807.0,28,135,10,21,99
66,Bachelor,Single,72906.0,32,519,71,75,54
73,PhD,Married,61467.0,16,114,0,5,49
55,Master,Other,49618.0,3,26,4,2,14
35,Master,Single,21888.0,10,46,2,3,64
48,Bachelor,Widow,42429.0,0,6,2,0,4
65,Bachelor,Divorced,26150.0,1,13,3,5,1
46,Basic,Married,30801.0,4,5,15,2,11
56,Bachelor,Married,81168.0,0,592,147,22,22
52,Master,Single,26877.0,13,76,20,18,40
77,Master,Widow,45006.0,25,53,16,0,10
48,Basic,Married,18978.0,8,1,4,7,15
54,Bachelor,Married,22574.0,0,8,2,0,2
52,PhD,Single,48240.0,91,248,64,49,41
47,Bachelor,Married,45837.0,13,87,17,17,24
56,Master,Single,35791.0,0,5,0,0,3
45,PhD,Other,162397.0,1,16,2,1,2
43,Bachelor,Widow,54162.0,6,10,6,5,10
61,Master,Married,30522.0,8,83,19,11,26
60,PhD,Married,54456.0,0,27,10,0,15
50,Bachelor,Single,31632.0,8,12,11,15,32
72,Bachelor,Widow,72298.0,35,169,58,17,35
43,Master,Single,36975.0,6,11,0,4,2
66,Master,Married,72635.0,22,323,104,35,107
45,Bachelor,Married,13624.0,2,15,2,1,6
46,Bachelor,Single,84196.0,63,507,231,31,190
61,Bachelor,Other,70971.0,17,572,93,125,17
44,PhD,Divorced,34487.0,18,33,24,1,8
44,Bachelor,Single,28769.0,5,129,10,3,3
51,PhD,Married,69084.0,107,199,39,30,30
63,PhD,Other,65488.0,45,207,36,18,54
51,Master,Married,62466.0,129,259,168,121,83
61,Master,Single,32218.0,24,15,13,1,30
48,Bachelor,Single,83917.0,22,732,42,198,79
59,Bachelor,Divorced,46102.0,0,1,0,0,1
69,Bachelor,Single,84574.0,20,713,38,54,163
59,Bachelor,Married,56181.0,103,69,8,44,48
71,Master,Divorced,63120.0,69,279,54,41,69
50,Bachelor,Married,73691.0,21,250,85,43,73
61,Bachelor,Other,63381.0,50,142,33,50,159
73,PhD,Other,76140.0,66,653,17,0,26
62,PhD,Divorced,62859.0,89,102,16,12,25
57,Bachelor,Single,45906.0,3,27,4,3,144
74,Master,Other,77632.0,105,758,0,42,147
50,PhD,Married,46463.0,2,40,8,11,11
51,Bachelor,Other,105471.0,181,104,202,21,207
51,Master,Divorced,55282.0,6,73,8,4,19
44,Master,Married,78710.0,0,152,119,50,50
63,Bachelor,Other,66886.0,4,62,41,31,146
61,Master,Single,98777.0,19,711,125,115,38
36,Bachelor,Other,29103.0,0,17,6,3,6
47,Bachelor,Married,67445.0,80,217,29,80,11
71,PhD,Other,50616.0,2,25,0,1,9
66,Bachelor,Divorced,49431.0,3,100,26,0,17
46,Bachelor,Divorced,153924.0,1,1,1,1,1
68,Bachelor,Other,61278.0,3,28,2,6,15
63,Master,Other,26490.0,47,52,21,20,25
74,PhD,Other,73059.0,112,420,0,82,71
55,PhD,Single,46734.0,1,39,6,1,76
58,Bachelor,Other,56253.0,0,65,7,11,5
36,Bachelor,Married,19986.0,6,5,0,2,6
46,Bachelor,Widow,58330.0,53,213,104,98,151
41,Basic,Married,25965.0,2,11,41,7,11
65,Master,Other,14661.0,1,11,6,2,2
62,Bachelor,Married,18690.0,1,7,23,4,19
47,PhD,Other,45068.0,0,3,0,0,3
34,Basic,Single,21063.0,10,11,19,3,15
53,PhD,Married,29187.0,0,6,0,0,2
50,Master,Married,54690.0,16,37,7,9,18
57,PhD,Married,59304.0,61,428,80,51,10
59,Master,Single,59247.0,9,122,19,14,83
51,Bachelor,Widow,66731.0,159,194,58,106,141
41,Bachelor,Married,77353.0,59,107,69,101,59
46,PhD,Single,52614.0,0,142,12,9,38
47,Bachelor,Married,26751.0,1,5,0,3,1
58,PhD,Married,81300.0,12,145,32,12,36
42,Bachelor,Single,70337.0,81,149,25,43,91
36,Master,Married,36145.0,4,76,17,1,18
41,PhD,Single,65295.0,32,117,34,110,6
58,Bachelor,Divorced,68118.0,23,123,10,23,154
54,Bachelor,Divorced,68743.0,134,384,175,134,115
39,Master,Other,41039.0,11,137,179,61,45
66,Bachelor,Other,38946.0,6,82,6,6,41
54,Bachelor,Other,65777.0,32,435,28,32,54
45,PhD,Divorced,66476.0,18,126,47,48,78
49,PhD,Single,86857.0,102,838,133,102,40
39,PhD,Married,160803.0,16,1622,17,3,4
32,PhD,Other,77845.0,40,480,0,40,26
52,PhD,Other,69476.0,86,559,63,9,67
61,PhD,Divorced,50611.0,0,24,6,0,4
51,Bachelor,Single,61209.0,0,224,119,49,99
63,Master,Other,42315.0,15,80,17,11,80
69,Basic,Other,13084.0,0,7,3,7,10
72,Master,Widow,47570.0,1,20,0,2,31
60,Master,Married,61923.0,4,18,3,3,6
26,Bachelor,Single,34824.0,2,11,2,0,4
72,PhD,Single,26518.0,1,28,3,3,2
60,Bachelor,Single,45938.0,11,178,62,83,29
61,Bachelor,Other,78468.0,22,388,104,22,34
48,Bachelor,Divorced,78901.0,11,309,33,26,34
43,Bachelor,Married,71427.0,123,177,15,64,23
43,Bachelor,Divorced,71022.0,12,278,0,12,242
33,Master,Single,90247.0,32,352,21,16,16
53,Master,Divorced,41335.0,19,21,16,14,5
35,Bachelor,Married,71952.0,80,455,52,107,93
51,PhD,Divorced,35682.0,0,8,6,2,18
70,Bachelor,Divorced,43185.0,6,42,16,6,30
73,PhD,Other,66375.0,0,45,0,0,191
50,Master,Married,35178.0,1,13,2,2,18
35,Bachelor,Married,25252.0,3,4,2,2,6
56,Master,Single,55250.0,58,83,32,0,66
46,Bachelor,Single,33249.0,10,21,19,14,42
68,Bachelor,Other,58398.0,5,201,21,21,49
39,Bachelor,Other,50272.0,13,66,43,8,4
46,PhD,Married,76618.0,40,294,121,160,147
61,Master,Divorced,87305.0,25,501,63,138,80
43,Bachelor,Other,25851.0,4,18,7,5,5
51,Bachelor,Divorced,58710.0,81,368,0,122,174
63,Bachelor,Single,45160.0,2,5,3,0,3
56,Master,Married,74806.0,9,249,0,28,9
67,Bachelor,Married,59111.0,0,134,28,28,155
37,PhD,Married,18988.0,0,6,2,1,1
56,Bachelor,Married,72190.0,166,597,172,166,249
55,Bachelor,Married,44794.0,0,7,0,0,4
66,Bachelor,Married,80395.0,25,706,80,76,48
45,Master,Divorced,75012.0,142,218,164,58,151
56,Master,Married,56962.0,3,77,10,3,26
30,Bachelor,Other,89891.0,22,132,59,28,183
72,PhD,Divorced,35946.0,0,3,0,0,0
68,PhD,Other,53593.0,4,78,6,0,43
43,Bachelor,Married,66373.0,9,124,12,24,109
73,PhD,Divorced,45072.0,2,99,7,2,30
48,Bachelor,Divorced,89694.0,28,211,37,28,42
72,Bachelor,Married,72025.0,0,617,43,50,0
48,Bachelor,Married,67432.0,79,341,177,136,170
69,Master,Other,70545.0,39,63,55,18,21
32,Basic,Married,17487.0,0,1,7,4,6
52,Bachelor,Other,62882.0,133,497,78,24,97
68,PhD,Single,64108.0,10,86,13,21,21
65,Master,Other,34941.0,2,25,4,3,24
71,PhD,Single,48767.0,1,21,3,0,10
43,Master,Other,38702.0,11,24,13,8,40
57,Bachelor,Married,82224.0,26,360,138,31,40
69,Bachelor,Other,83844.0,31,345,75,31,191
46,Master,Married,17003.0,5,12,4,8,7
26,Bachelor,Single,71163.0,17,372,138,106,44
51,Bachelor,Single,33697.0,3,7,0,3,11
67,Master,Married,63564.0,80,252,15,34,65
49,PhD,Other,83443.0,42,742,55,56,84
63,PhD,Other,51518.0,8,66,17,4,4
46,Bachelor,Widow,58330.0,53,213,104,98,151
52,Bachelor,Married,80952.0,178,689,41,27,44
42,Bachelor,Other,75507.0,93,374,104,80,80
43,Master,Other,63855.0,35,314,93,116,89
49,PhD,Other,62220.0,12,375,16,12,12
57,Bachelor,Married,58512.0,10,101,13,0,152
42,Master,Married,40662.0,2,23,0,4,23
62,PhD,Married,38829.0,0,7,0,0,16
40,Master,Married,35523.0,5,22,12,5,11
54,Bachelor,Single,79146.0,16,223,21,43,16
33,Master,Married,78285.0,107,391,175,67,40
43,PhD,Single,31626.0,1,9,2,1,34
69,Bachelor,Single,75127.0,35,305,46,17,227
66,Bachelor,Married,48726.0,3,38,4,0,59
44,Bachelor,Married,74985.0,51,898,247,0,86
34,Bachelor,Other,67430.0,97,291,127,133,121
56,Master,Married,46891.0,12,23,29,15,61
65,Master,Married,62058.0,7,74,10,0,58
42,Bachelor,Married,72063.0,32,348,76,32,90
70,PhD,Married,78939.0,115,243,150,0,205
56,Bachelor,Single,42720.0,5,91,28,26,112
49,Bachelor,Married,33622.0,1,22,3,4,12
68,Bachelor,Other,41452.0,0,3,0,0,0
56,PhD,Single,40760.0,0,17,0,0,6
63,PhD,Other,74250.0,11,392,75,0,0
66,Master,Single,51124.0,1,11,0,1,4
50,Bachelor,Single,72258.0,0,522,227,120,134
47,PhD,Single,71466.0,12,546,78,182,0
45,Bachelor,Other,36283.0,5,5,8,0,5
51,Bachelor,Single,20587.0,3,6,4,1,9
49,Bachelor,Married,30467.0,3,8,2,5,5
49,Bachelor,Other,31590.0,2,15,6,6,3
35,Basic,Married,20425.0,12,5,3,16,17
61,Master,Other,17144.0,2,19,0,2,6
53,PhD,Divorced,42564.0,48,186,39,18,198
43,Master,Married,43783.0,9,125,25,4,139
45,Bachelor,Divorced,40780.0,27,71,13,3,34
76,Master,Other,62847.0,168,706,80,76,61
64,PhD,Married,82017.0,23,446,30,23,23
71,Bachelor,Single,16813.0,8,11,12,2,13
43,Bachelor,Married,51267.0,2,64,7,2,12
60,Bachelor,Single,46524.0,19,35,26,14,52
59,Master,Single,45183.0,3,60,12,9,12
67,PhD,Married,70421.0,28,136,75,14,35
56,Master,Divorced,60161.0,44,212,46,8,177
48,Bachelor,Other,73926.0,91,597,159,91,15
53,Bachelor,Married,19329.0,1,16,12,2,5
51,Master,Married,61872.0,5,159,36,27,16
65,Bachelor,Widow,46984.0,1,10,2,1,8
70,Bachelor,Married,34838.0,23,29,29,14,47
77,PhD,Single,82716.0,148,228,15,148,22
63,Bachelor,Married,48192.0,43,204,153,58,29
45,Master,Married,49681.0,0,26,0,0,21
50,Master,Married,56850.0,1,19,2,7,0
64,Bachelor,Married,55267.0,28,136,32,3,45
49,Bachelor,Married,59666.0,53,178,23,17,133
49,Bachelor,Single,72504.0,26,470,123,161,94
40,Bachelor,Married,26872.0,10,8,3,16,32
49,Bachelor,Single,21359.0,2,17,6,1,10
46,Bachelor,Single,73170.0,174,256,50,30,32
66,Master,Married,52750.0,0,239,90,69,69
35,PhD,Other,91820.0,73,747,76,161,30
51,PhD,Other,65968.0,9,83,19,4,4
45,Bachelor,Married,30772.0,2,4,2,1,4
67,Bachelor,Single,22507.0,0,226,51,157,68
49,Bachelor,Married,65685.0,14,49,0,7,57
43,Master,Married,25804.0,7,9,13,6,12
41,PhD,Single,76412.0,53,804,23,71,17
49,Bachelor,Married,22063.0,10,13,3,11,11
60,Bachelor,Single,57091.0,5,64,7,0,37
58,Bachelor,Married,22419.0,3,47,19,21,42
62,Bachelor,Other,87771.0,38,287,50,57,33
62,Master,Divorced,78353.0,122,476,39,153,34
67,Bachelor,Married,93404.0,15,287,20,0,15
59,Bachelor,Divorced,37859.0,1,8,2,1,2
63,PhD,Widow,80995.0,28,409,73,56,56
37,Bachelor,Other,16529.0,0,5,13,0,1
45,PhD,Divorced,55412.0,5,28,11,1,8
29,Bachelor,Single,48789.0,16,156,7,5,145
54,PhD,Other,56575.0,5,90,0,16,10
41,Master,Other,25130.0,5,7,0,18,18
54,Bachelor,Married,35441.0,1,9,2,1,1
65,Bachelor,Married,71391.0,123,274,46,123,141
49,Master,Single,49494.0,9,97,0,6,82
41,Bachelor,Divorced,81702.0,50,774,28,31,187
41,Master,Single,45889.0,0,6,0,1,8
44,Bachelor,Single,56628.0,5,82,7,17,171
71,Bachelor,Other,34026.0,6,15,12,8,17
47,Bachelor,Married,40049.0,65,52,10,44,28
33,Bachelor,Single,34176.0,7,24,19,14,20
40,Bachelor,Married,19419.0,14,28,16,3,7
61,Master,Married,82504.0,50,431,134,35,54
51,Bachelor,Other,81205.0,74,929,97,55,130
30,Master,Single,61618.0,91,399,0,45,205
65,Master,Single,55284.0,7,140,0,7,63
58,Bachelor,Single,49980.0,1,54,13,9,14
41,Bachelor,Married,15072.0,2,15,0,10,18
47,Bachelor,Single,49166.0,2,25,7,0,110
67,PhD,Married,65324.0,0,102,21,32,5
64,Master,Married,82347.0,54,845,202,133,63
55,PhD,Other,30843.0,0,2,0,0,9
47,PhD,Married,46374.0,0,21,0,0,17
42,Bachelor,Single,60474.0,199,303,234,9,170
48,Master,Married,38576.0,0,7,0,0,0
36,Bachelor,Married,55357.0,64,116,84,25,64
55,Bachelor,Other,37758.0,2,10,0,0,1
32,Master,Married,85710.0,20,350,29,30,33
52,Bachelor,Other,23228.0,2,18,6,1,0
52,Master,Other,44602.0,2,89,0,0,34
32,Master,Other,38683.0,35,69,84,41,66
46,Master,Single,49514.0,39,78,58,13,93
48,PhD,Other,57906.0,11,119,10,3,15
55,Master,Single,43456.0,11,68,25,7,7
35,Master,Single,19485.0,0,4,0,0,0
43,Bachelor,Other,53172.0,62,90,68,20,125
42,Bachelor,Other,30545.0,12,15,19,7,12
38,PhD,Other,70123.0,0,396,23,0,0
62,Bachelor,Single,62450.0,47,267,62,66,38
45,Bachelor,Other,21675.0,0,16,17,4,4
40,Master,Single,42395.0,13,57,24,15,25
43,Master,Other,61346.0,58,168,43,16,142
68,Bachelor,Other,80812.0,22,500,210,143,33
50,Master,Divorced,42835.0,4,93,12,9,98
38,Bachelor,Married,39922.0,12,59,19,1,36
65,Master,Single,86424.0,68,569,89,45,68
43,Master,Other,17117.0,23,38,30,18,7
49,Bachelor,Single,24762.0,10,12,3,15,40
46,Bachelor,Married,35797.0,1,14,4,1,21
46,Bachelor,Divorced,36627.0,1,5,0,0,1
40,Master,Married,51111.0,0,19,6,5,3
49,PhD,Single,86857.0,102,838,133,102,40
51,PhD,Other,82072.0,55,685,168,92,129
68,PhD,Single,46231.0,2,55,0,5,12
62,Bachelor,Married,42243.0,0,2,0,0,5
59,Bachelor,Other,51195.0,14,156,82,24,58
43,Master,Single,68092.0,60,207,78,36,48
48,Bachelor,Married,31814.0,3,20,4,1,20
56,Master,Widow,51390.0,20,47,23,2,56
38,Bachelor,Married,76630.0,31,446,40,56,175
30,Basic,Single,26868.0,0,1,8,3,2
78,PhD,Divorced,48948.0,8,206,160,49,42
49,PhD,Single,55260.0,8,53,11,0,242
65,Bachelor,Other,64090.0,58,161,76,51,135
63,Bachelor,Divorced,78331.0,138,354,160,169,61
47,PhD,Married,37087.0,55,134,15,0,3
35,Bachelor,Divorced,21846.0,17,18,6,10,26
63,Bachelor,Married,81320.0,33,493,59,103,57
51,Bachelor,Divorced,54137.0,0,11,0,1,20
54,Bachelor,Other,66825.0,101,405,29,40,40
48,Bachelor,Other,57100.0,21,69,39,3,96
52,Bachelor,Other,58917.0,7,89,0,7,28
44,Bachelor,Single,85072.0,92,391,194,11,241
60,Bachelor,Single,86429.0,28,873,29,18,37
50,Bachelor,Widow,45684.0,1,5,10,0,7
47,Bachelor,Other,47889.0,0,29,0,5,4
35,PhD,Married,45921.0,9,49,24,3,12
55,PhD,Single,78420.0,28,674,91,28,28
29,Bachelor,Other,75114.0,12,523,63,60,24
58,PhD,Widow,52278.0,0,71,0,0,174
49,Master,Married,35641.0,3,67,8,9,28
27,Bachelor,Single,95529.0,29,890,250,27,24
67,Bachelor,Married,62820.0,61,265,138,61,53
61,Master,Other,73113.0,19,154,50,9,28
39,PhD,Married,84169.0,19,403,0,19,0
67,Master,Single,42607.0,29,56,30,32,47
67,PhD,Single,74637.0,64,464,146,0,16
66,PhD,Other,46015.0,0,2,0,0,6
28,Bachelor,Single,72354.0,26,473,220,12,182
52,Master,Single,39858.0,20,25,2,7,26
73,PhD,Married,34469.0,6,20,0,5,12
35,Bachelor,Other,83033.0,99,431,237,149,33
42,Master,Other,24401.0,28,217,10,24,115
43,Bachelor,Married,77583.0,23,384,250,12,108
39,Master,Single,74116.0,111,704,145,55,166
28,Bachelor,Single,74293.0,152,335,93,91,81
45,PhD,Married,68397.0,80,466,17,13,80
47,PhD,Other,79632.0,0,510,99,21,12
32,Bachelor,Single,46107.0,9,27,16,9,33
70,PhD,Single,64950.0,0,72,12,0,63
32,Basic,Married,25443.0,4,3,8,9,7
69,Bachelor,Single,75127.0,35,305,46,17,227
50,PhD,Other,32892.0,0,15,2,1,2
50,Bachelor,Other,71796.0,21,311,167,75,32
51,PhD,Married,67536.0,0,447,23,71,35
50,Bachelor,Single,55239.0,17,238,23,24,106
46,PhD,Divorced,60554.0,7,76,110,15,15
69,Master,Single,64831.0,86,249,75,86,144
59,PhD,Other,56067.0,12,54,16,6,120
38,Bachelor,Divorced,82025.0,98,606,48,70,98
68,Bachelor,Other,94384.0,24,790,160,45,172
35,Basic,Single,14906.0,7,14,7,16,15
34,PhD,Married,51563.0,0,48,0,0,36
39,Master,Married,57937.0,42,144,55,48,133
42,Bachelor,Divorced,68274.0,25,51,23,25,46
44,Bachelor,Other,39771.0,2,18,2,8,14
46,Master,Divorced,67893.0,28,142,49,18,47
42,PhD,Other,27922.0,0,13,2,4,11
45,PhD,Other,52190.0,0,17,0,0,18
48,Master,Divorced,44051.0,7,58,6,3,18
50,PhD,Single,42767.0,6,43,19,5,38
45,Master,Other,46106.0,0,8,2,0,14
45,PhD,Married,16927.0,2,23,3,1,4
56,Bachelor,Married,59754.0,27,44,4,146,139
69,Bachelor,Single,53700.0,5,233,69,41,83
48,Bachelor,Married,59041.0,2,15,2,2,6
64,PhD,Divorced,54237.0,3,30,4,0,57
54,Bachelor,Divorced,70647.0,85,171,25,123,114
59,PhD,Single,52597.0,0,37,7,0,42
52,Master,Other,41021.0,7,9,6,16,12
46,PhD,Married,40233.0,4,46,0,17,2
41,Bachelor,Married,50183.0,12,84,13,10,15
62,Bachelor,Other,54753.0,107,227,7,59,131
48,Bachelor,Married,92955.0,21,925,31,24,84
48,Bachelor,Married,33471.0,2,27,0,9,12
47,PhD,Married,34596.0,0,2,0,0,7
41,Bachelor,Other,44010.0,36,234,86,72,48
33,Bachelor,Married,84219.0,137,400,45,137,45
53,PhD,Other,40706.0,0,11,4,2,5
33,Master,Married,15716.0,5,30,8,7,26
62,Master,Divorced,59052.0,35,75,63,57,31
50,Master,Other,80573.0,138,430,60,92,15
59,Bachelor,Married,83715.0,8,407,150,35,8
62,Master,Other,82576.0,55,445,168,18,18
56,Master,Married,56962.0,3,77,10,3,26
69,Bachelor,Married,35704.0,9,12,2,11,30
67,Bachelor,Other,53103.0,17,133,11,0,195
61,Master,Widow,46779.0,1,3,0,0,7
42,Master,Divorced,33462.0,3,18,0,0,11
43,Bachelor,Divorced,63693.0,43,337,42,87,54
71,Bachelor,Married,80763.0,168,108,192,42,231
47,PhD,Married,65352.0,3,84,4,7,23
43,PhD,Married,82170.0,93,651,49,55,37
52,Bachelor,Married,75759.0,22,708,89,91,182
45,Master,Single,79689.0,26,640,180,37,121
65,PhD,Widow,35340.0,0,12,0,1,5
67,Bachelor,Divorced,85683.0,17,311,45,69,51
49,Master,Married,24884.0,6,7,0,0,3
40,Master,Other,42021.0,5,136,7,5,27
32,Bachelor,Single,64449.0,63,282,137,35,70
67,Bachelor,Divorced,64587.0,0,16,0,6,20
26,Bachelor,Single,34824.0,2,11,2,0,4
43,Bachelor,Other,75437.0,0,545,95,58,0
64,Bachelor,Other,26091.0,10,19,8,17,20
48,Bachelor,Married,52845.0,25,292,130,41,64
65,Bachelor,Divorced,46086.0,8,32,7,2,50
65,PhD,Widow,78028.0,19,288,25,0,38
34,PhD,Single,95169.0,21,449,106,20,20
40,Master,Married,56337.0,16,144,28,5,182
34,Bachelor,Other,22434.0,12,11,3,13,15
67,PhD,Married,36930.0,2,31,0,2,39
67,Bachelor,Single,36130.0,43,127,68,56,37
68,Master,Married,65569.0,46,288,20,38,70
69,Bachelor,Other,83844.0,31,345,75,31,191
53,Bachelor,Married,19514.0,3,21,2,1,28
58,PhD,Single,36736.0,0,3,0,0,4
42,Bachelor,Other,77568.0,0,396,232,178,158
45,PhD,Other,49187.0,1,31,2,1,0
43,Bachelor,Single,30168.0,20,66,0,12,27
53,Master,Other,34053.0,0,21,7,0,12
50,Master,Married,38196.0,0,11,0,0,3
70,Master,Married,59412.0,67,165,30,43,11
56,Master,Married,70924.0,114,254,132,152,76
52,Bachelor,Other,54165.0,4,73,15,6,11
48,Bachelor,Married,32300.0,3,6,6,5,6
45,Bachelor,Single,20180.0,42,24,15,20,18
48,Bachelor,Married,34961.0,2,26,4,1,1
47,PhD,Other,28440.0,1,24,0,0,0
68,PhD,Other,64504.0,36,168,16,0,108
55,Master,Other,33564.0,0,3,0,0,7
43,Bachelor,Married,17345.0,9,16,17,0,12
54,PhD,Married,56320.0,53,172,116,77,83
43,Bachelor,Single,28647.0,8,29,0,12,26
34,Basic,Single,15038.0,8,11,19,12,26
63,PhD,Divorced,32173.0,0,2,0,0,2
57,Master,Other,68316.0,80,161,120,11,33
50,Bachelor,Other,74538.0,98,733,110,112,28
50,Bachelor,Single,91700.0,172,961,125,115,19
52,Bachelor,Other,68695.0,81,356,106,50,40
44,Master,Married,31056.0,10,13,3,8,16
48,Bachelor,Married,79593.0,60,568,110,133,145
41,Bachelor,Single,28071.0,33,130,41,26,44
63,PhD,Other,37334.0,1,16,2,2,15
49,Master,Single,46423.0,0,16,0,0,8
50,PhD,Married,37126.0,3,9,4,4,7
68,Bachelor,Married,47703.0,0,134,13,26,123
62,Bachelor,Married,61180.0,24,29,6,24,218
67,Bachelor,Married,38998.0,1,14,0,0,5
59,Bachelor,Other,76081.0,30,415,63,33,200
35,Bachelor,Other,34728.0,0,16,0,0,6
56,Master,Single,33168.0,1,37,0,1,3
55,Master,Married,33585.0,11,33,13,6,29
61,PhD,Married,77037.0,96,333,168,53,10
37,Bachelor,Other,35196.0,12,141,43,39,187
55,Bachelor,Married,44529.0,13,91,17,6,26
56,Master,Married,70924.0,114,254,132,152,76
55,PhD,Other,28764.0,0,3,0,0,1
72,PhD,Married,69098.0,22,780,145,0,178
51,Master,Divorced,25959.0,2,12,7,5,26
38,Master,Married,27100.0,0,13,2,0,10
36,Bachelor,Single,70596.0,44,534,17,0,26
47,Bachelor,Married,42557.0,5,53,0,5,15
70,PhD,Married,53312.0,0,12,0,0,25
69,Bachelor,Single,72228.0,28,491,30,14,56
34,Bachelor,Other,67605.0,28,282,184,54,54
72,Master,Married,62845.0,0,45,0,0,34
63,Bachelor,Other,65196.0,19,181,12,0,200
34,PhD,Single,42000.0,83,267,85,59,35
48,PhD,Divorced,35860.0,0,8,4,2,20
57,PhD,Married,65526.0,19,69,12,0,9
60,Bachelor,Married,16860.0,4,4,3,3,14
29,Bachelor,Single,83528.0,117,678,134,44,147
56,Master,Divorced,64176.0,33,249,64,116,149
65,Bachelor,Divorced,22304.0,2,7,0,4,2
43,Bachelor,Married,67023.0,44,382,11,8,17
50,PhD,Other,32892.0,0,15,2,1,2
55,Bachelor,Other,70713.0,114,279,82,76,190
66,Bachelor,Other,59925.0,21,176,19,21,56
68,Bachelor,Married,39722.0,0,5,2,0,8
63,Bachelor,Other,46610.0,10,30,4,10,125
60,Bachelor,Other,88347.0,178,555,77,138,118
40,PhD,Married,87171.0,44,107,58,44,44
45,Master,Other,26907.0,1,7,0,3,2
53,Master,Single,50014.0,14,77,19,10,42
43,PhD,Married,41014.0,2,6,2,0,3
56,Bachelor,Single,66294.0,108,334,65,92,117
50,Bachelor,Married,36715.0,10,125,21,13,16
65,Bachelor,Married,79456.0,42,548,64,83,99
39,Bachelor,Other,40479.0,0,8,2,0,0
51,Master,Single,75345.0,57,842,99,38,133
44,Bachelor,Married,54233.0,8,158,21,0,142
51,Bachelor,Single,24163.0,1,7,2,1,2
63,PhD,Other,84460.0,27,103,106,54,81
38,Bachelor,Other,43776.0,0,9,2,1,3
63,PhD,Single,71691.0,130,411,240,32,43
48,PhD,Married,85844.0,19,843,25,95,38
47,PhD,Single,39190.0,8,18,19,8,12
62,Bachelor,Other,71367.0,23,389,42,21,75
49,PhD,Single,38578.0,4,22,3,3,3
56,PhD,Married,57236.0,0,9,2,1,4
42,Bachelor,Single,61825.0,50,100,55,30,27
63,Bachelor,Divorced,79803.0,8,216,21,16,33
35,Master,Single,80910.0,80,369,67,39,41
39,Master,Other,27590.0,0,5,0,0,1
42,Bachelor,Married,56775.0,35,160,58,35,35
46,Bachelor,Divorced,83829.0,161,430,186,161,27
42,Master,Married,54210.0,54,109,80,9,45
35,Bachelor,Married,38508.0,19,206,25,19,54
51,Bachelor,Other,53187.0,2,30,7,7,10
49,Bachelor,Married,30023.0,0,16,7,6,21
61,PhD,Single,76045.0,53,400,17,93,0
69,PhD,Married,50870.0,0,8,0,0,2
51,Master,Married,15315.0,4,13,15,8,17
47,Master,Married,65463.0,32,70,21,32,16
56,Bachelor,Married,66480.0,9,57,20,21,6
67,Bachelor,Divorced,76773.0,56,449,86,33,16
38,Master,Single,81698.0,45,115,30,160,45
48,PhD,Single,54466.0,0,4,0,0,0
61,Master,Single,98777.0,19,711,125,115,38
37,PhD,Single,16269.0,3,18,3,1,0
50,Bachelor,Other,71819.0,28,140,0,14,168
38,PhD,Married,33569.0,2,18,3,0,24
38,Master,Married,36262.0,39,54,64,28,153
55,Basic,Other,22634.0,23,11,8,6,46
43,Master,Married,47025.0,11,59,23,5,29
53,Bachelor,Single,70566.0,28,215,84,28,21
42,PhD,Married,31605.0,0,42,2,1,6
48,Master,Divorced,52034.0,0,93,7,13,73
42,Bachelor,Single,48526.0,17,23,43,20,9
67,Bachelor,Married,46734.0,5,137,26,23,29
59,Bachelor,Divorced,39552.0,3,147,4,24,41
55,Bachelor,Single,86358.0,47,494,82,47,95
44,Bachelor,Other,46931.0,0,17,3,1,16
36,Basic,Single,16581.0,3,4,2,3,11
69,Master,Divorced,63998.0,29,818,0,33,112
70,Master,Married,67381.0,8,53,11,0,70
54,Bachelor,Single,25930.0,1,2,2,0,4
43,Bachelor,Married,42693.0,4,20,6,3,16
45,Bachelor,Other,85606.0,42,864,219,30,84
36,Bachelor,Single,72903.0,138,750,0,19,39
47,Master,Other,49669.0,5,107,11,8,29
53,PhD,Married,36778.0,4,34,2,4,4
59,PhD,Divorced,85696.0,76,395,116,0,12
32,Master,Divorced,10979.0,4,10,2,2,4
60,Bachelor,Married,49678.0,5,56,3,2,20
68,Master,Other,56129.0,48,133,39,72,48
32,Bachelor,Married,37155.0,0,26,7,15,3
43,Master,Divorced,21282.0,5,8,4,8,20
59,PhD,Single,33419.0,0,12,0,0,18
76,Bachelor,Widow,63285.0,124,249,50,38,134
47,Master,Other,21255.0,0,25,2,2,3
40,Bachelor,Other,42162.0,7,59,2,4,27
65,Bachelor,Other,54450.0,0,171,8,19,32
67,PhD,Married,57744.0,3,39,0,0,19
35,Bachelor,Single,26576.0,0,8,0,0,9
78,PhD,Widow,57513.0,40,183,52,20,30
57,Bachelor,Other,68142.0,126,196,91,112,37
47,Bachelor,Other,83145.0,35,731,39,137,114
61,Master,Married,54197.0,6,37,6,13,13
58,PhD,Single,23091.0,0,11,0,0,2
45,Bachelor,Married,46049.0,9,112,19,14,19
47,Bachelor,Other,56715.0,105,239,237,172,9
60,Bachelor,Married,79410.0,80,483,123,13,13
70,Bachelor,Married,57304.0,80,329,138,17,106
56,Bachelor,Married,44375.0,5,28,7,7,41
65,Bachelor,Other,54450.0,0,171,8,19,32
56,Bachelor,Married,59594.0,4,29,0,0,9
27,Bachelor,Other,80685.0,45,604,34,26,54
47,PhD,Married,40344.0,0,6,0,0,2
49,Bachelor,Married,62710.0,35,83,7,29,11
53,Master,Married,48985.0,13,18,10,7,8
53,Bachelor,Other,35322.0,9,37,12,7,13
73,Bachelor,Married,77142.0,75,162,29,151,97
52,Bachelor,Single,81657.0,40,425,158,60,50
25,Basic,Married,14421.0,0,2,3,3,8
47,Master,Married,20130.0,6,3,7,6,12
31,PhD,Married,74214.0,83,547,86,99,33
64,Master,Married,66726.0,7,35,0,0,47
42,Basic,Other,23724.0,23,15,0,18,14
61,Master,Married,47353.0,2,19,8,8,4
69,Master,Married,33444.0,0,8,0,0,2
40,Bachelor,Married,54386.0,21,64,62,21,25
40,Bachelor,Divorced,28510.0,5,19,0,4,19
30,Master,Single,90638.0,120,915,94,144,96
71,Bachelor,Other,48070.0,14,83,6,9,19
64,Bachelor,Married,43140.0,8,76,6,0,11
60,PhD,Divorced,54959.0,0,60,0,0,24
63,Basic,Single,15056.0,12,3,21,6,40
50,Bachelor,Single,26954.0,1,11,0,0,1
36,Bachelor,Single,22327.0,4,8,2,0,5
56,Bachelor,Married,44393.0,2,20,2,2,10
69,PhD,Single,62000.0,0,101,0,0,20
59,PhD,Other,31497.0,1,28,13,1,4
47,Master,Married,45894.0,2,7,0,2,13
51,Master,Divorced,78579.0,66,549,216,66,99
52,Master,Widow,67369.0,0,70,37,14,42
61,Bachelor,Divorced,58401.0,0,11,17,29,29
69,Bachelor,Single,62307.0,13,34,10,6,10
52,Master,Married,43641.0,2,51,4,2,23
53,Master,Divorced,63841.0,15,100,20,7,131
56,Master,Married,46891.0,12,23,29,15,61
52,Master,Married,70091.0,34,137,15,0,11
49,PhD,Married,78075.0,8,259,34,35,80
60,Master,Widow,59184.0,142,113,259,151,66
44,Bachelor,Married,54809.0,6,57,13,13,22
62,Bachelor,Married,58113.0,104,169,102,78,84
63,Master,Married,51412.0,3,29,4,5,14
42,Bachelor,Divorced,15287.0,2,8,4,3,13
64,Master,Other,66636.0,10,689,84,10,0
65,Master,Married,50965.0,13,85,8,6,29
56,PhD,Married,84618.0,100,801,21,66,0
31,Bachelor,Married,18351.0,12,9,0,14,7
64,PhD,Other,40451.0,0,4,0,0,10
56,Bachelor,Other,36317.0,3,25,3,2,13
64,Bachelor,Other,42213.0,3,24,4,3,20
66,Bachelor,Other,65748.0,73,93,95,78,34
49,Bachelor,Other,77044.0,38,242,50,34,76
52,Bachelor,Other,74918.0,59,913,25,19,59
49,Bachelor,Married,56721.0,6,39,6,13,75
46,Bachelor,Single,42160.0,9,45,3,15,20
56,Bachelor,Single,61559.0,83,88,32,14,34
58,PhD,Other,33629.0,0,16,0,0,4
30,PhD,Other,68682.0,0,505,99,30,45
58,Bachelor,Single,34377.0,0,22,3,1,26
48,Bachelor,Married,26228.0,6,4,3,1,9
64,Master,Divorced,77297.0,61,109,48,122,41
40,Bachelor,Married,40211.0,1,7,2,1,25
63,PhD,Widow,33438.0,1,16,3,2,6
62,PhD,Married,75032.0,12,180,47,12,12
66,PhD,Single,61284.0,15,106,20,7,45
35,Bachelor,Married,22518.0,7,12,2,2,27
46,Master,Married,54730.0,3,17,4,7,56
66,Master,Married,38452.0,0,14,0,0,2
50,Bachelor,Divorced,44421.0,5,59,7,1,7
35,PhD,Other,38197.0,0,11,2,1,3
43,Bachelor,Divorced,41986.0,5,8,8,3,12
38,Bachelor,Other,28427.0,3,19,3,3,6
45,PhD,Other,37395.0,0,9,0,1,11
50,Bachelor,Married,64722.0,0,280,60,147,15
65,Master,Other,55249.0,1,19,2,0,11
49,Bachelor,Other,84906.0,15,414,99,30,76
32,Bachelor,Married,28691.0,4,13,8,0,4
69,Bachelor,Single,44213.0,11,35,0,4,7
37,Basic,Single,25707.0,6,2,3,6,3
54,PhD,Married,59062.0,1,12,3,0,9
59,Bachelor,Single,76624.0,106,147,54,115,66
74,Master,Other,66000.0,51,270,101,0,45
43,PhD,Other,27683.0,9,121,12,12,45
53,Bachelor,Other,40521.0,0,5,0,0,4
48,PhD,Other,20427.0,0,4,0,0,1
46,Bachelor,Married,65106.0,19,133,12,0,19
56,PhD,Married,69969.0,29,514,38,29,44
69,Bachelor,Married,67433.0,28,259,12,48,30
54,PhD,Married,77766.0,59,265,115,59,27
49,Bachelor,Married,74716.0,27,421,13,195,71
58,Bachelor,Divorced,68118.0,23,123,10,23,154
51,PhD,Married,55158.0,0,87,4,11,23
66,Master,Married,62972.0,15,47,20,0,192
46,Bachelor,Married,74190.0,81,86,168,91,64
45,Bachelor,Married,39356.0,0,2,0,0,6
52,Bachelor,Other,76653.0,63,946,219,189,126
48,PhD,Divorced,35860.0,0,8,4,2,20
38,PhD,Divorced,90687.0,17,672,23,34,51
39,Master,Other,73450.0,51,415,90,69,37
61,Bachelor,Married,31454.0,0,11,0,0,9
69,Bachelor,Single,47139.0,0,12,0,2,23
46,Bachelor,Divorced,83829.0,161,430,186,161,27
58,PhD,Married,53378.0,6,152,8,6,132
51,Bachelor,Other,19656.0,4,9,6,8,32
73,PhD,Married,45579.0,1,33,2,1,1
63,Master,Single,85485.0,26,611,44,18,54
77,Bachelor,Married,55956.0,38,104,50,9,38
58,Master,Single,64191.0,15,186,151,38,15
49,Bachelor,Single,38808.0,17,52,3,19,30
55,Master,Married,57183.0,5,64,7,0,70
53,Master,Divorced,23748.0,6,29,12,15,8
50,Bachelor,Married,66303.0,12,96,16,12,60
46,Master,Married,37368.0,2,11,2,2,10
57,Bachelor,Married,40800.0,0,27,8,30,10
43,Bachelor,Divorced,71847.0,21,106,55,63,210
46,Bachelor,Married,46149.0,6,71,4,0,27
38,Bachelor,Other,78687.0,185,687,145,55,241
50,Master,Divorced,49118.0,54,239,99,98,119
64,PhD,Married,37633.0,4,20,0,0,1
70,Master,Other,39767.0,61,204,34,26,47
70,Basic,Married,26997.0,23,78,133,49,144
51,Bachelor,Divorced,33986.0,2,18,2,1,5
49,PhD,Married,57091.0,0,24,6,0,4
52,Master,Married,46831.0,2,10,6,4,34
49,Master,Married,83151.0,147,842,137,42,210
50,Bachelor,Married,52531.0,112,151,51,72,125
65,Bachelor,Married,15759.0,2,5,6,0,3
50,Bachelor,Single,22804.0,1,7,2,1,1
48,Master,Married,43050.0,5,24,6,3,8
44,PhD,Single,42997.0,0,5,0,1,5
58,PhD,Single,48918.0,0,9,0,0,1
67,Master,Other,60033.0,1,57,19,11,48
43,PhD,Other,34043.0,2,14,3,0,10
55,Bachelor,Other,57811.0,7,114,37,21,78
75,Bachelor,Married,78569.0,79,622,207,175,95
50,Master,Other,157733.0,1,9,2,0,8
68,Bachelor,Other,94384.0,24,790,160,45,172
36,Master,Married,23148.0,6,8,6,3,10
51,Bachelor,Divorced,44267.0,5,65,3,5,49
42,Bachelor,Married,71626.0,72,376,94,145,72
55,Bachelor,Other,60894.0,7,155,10,0,54
45,Bachelor,Other,50200.0,6,51,8,6,64
56,PhD,Married,81051.0,29,249,38,29,14
39,Bachelor,Married,65169.0,0,69,0,0,46
49,Bachelor,Other,59868.0,51,154,54,10,154
61,PhD,Married,65695.0,32,189,0,58,6
65,Master,Single,64857.0,14,717,210,0,43
56,Master,Other,45143.0,5,74,11,5,14
66,Master,Other,74805.0,162,209,41,162,37
32,Master,Married,59060.0,40,111,36,40,12
59,PhD,Single,27238.0,0,17,0,0,3
56,Bachelor,Other,47009.0,45,73,59,10,90
48,Master,Married,46094.0,2,20,3,2,5
49,Bachelor,Married,40321.0,4,21,6,0,27
37,Bachelor,Other,37235.0,2,9,4,6,20
61,Master,Married,81843.0,86,537,34,69,138
63,Master,Other,46692.0,6,97,24,12,88
53,Bachelor,Other,77382.0,48,231,112,105,134
44,Bachelor,Single,37774.0,8,107,7,2,176
47,Basic,Married,18393.0,10,13,16,0,4
59,Master,Married,72828.0,0,235,19,14,205
39,Bachelor,Married,24711.0,7,25,6,3,7
46,PhD,Married,45503.0,4,44,6,1,18
76,PhD,Other,71604.0,53,528,98,75,97
42,Bachelor,Married,27244.0,5,17,3,24,46
52,Bachelor,Married,48752.0,57,100,71,15,0
59,Bachelor,Married,71434.0,36,217,172,96,168
73,Bachelor,Single,90842.0,70,118,182,187,93
43,Master,Married,88097.0,0,480,0,126,75
46,Bachelor,Married,51948.0,33,54,71,30,41
39,Bachelor,Other,71853.0,108,413,141,97,32
38,Master,Married,35876.0,2,40,4,3,14
69,Bachelor,Widow,40049.0,6,7,0,3,3
39,Bachelor,Single,39660.0,13,78,20,13,36
59,Bachelor,Other,50127.0,0,21,4,6,15
44,Master,Married,43263.0,6,61,0,10,102
72,Master,Married,62845.0,0,45,0,0,34
31,Bachelor,Married,18929.0,0,8,23,4,18
39,Basic,Single,24367.0,4,2,0,11,5
46,Bachelor,Single,33249.0,10,21,19,14,42
62,Master,Married,26887.0,7,4,3,4,6
38,PhD,Married,50150.0,46,92,65,61,11
45,Bachelor,Other,62061.0,7,84,0,30,38
59,PhD,Divorced,85696.0,76,395,116,0,12
65,PhD,Other,76542.0,73,573,0,29,14
28,Bachelor,Single,70515.0,0,452,182,64,140
34,Bachelor,Other,18227.0,2,7,4,3,11
56,Bachelor,Married,69139.0,12,75,33,15,6
39,Bachelor,Married,69109.0,25,459,124,29,95
59,Bachelor,Single,69627.0,161,215,171,30,53
43,Bachelor,Married,38136.0,15,27,0,20,33
75,PhD,Single,62159.0,17,259,77,70,29
58,Bachelor,Single,80695.0,129,984,193,37,18
50,Master,Single,33316.0,1,31,4,4,12
53,Bachelor,Other,58554.0,24,68,38,0,88
29,Basic,Married,17256.0,4,14,8,8,22
47,Bachelor,Divorced,53034.0,15,196,15,11,50
71,Master,Other,52203.0,21,238,56,108,28
44,Master,Divorced,59601.0,7,69,0,7,23
63,Master,Single,75154.0,10,205,160,143,82
45,Bachelor,Single,47025.0,7,108,20,0,26
48,Bachelor,Married,37971.0,4,10,2,2,7
53,Master,Divorced,41335.0,19,21,16,14,5
63,Bachelor,Married,67267.0,11,59,15,2,30
46,Bachelor,Single,57338.0,6,52,11,8,17
61,Master,Other,50523.0,4,24,4,7,1
56,Master,Single,35791.0,0,5,0,0,3
61,PhD,Divorced,50611.0,0,24,6,0,4
52,PhD,Married,56242.0,8,167,11,8,88
61,Bachelor,Single,48904.0,10,38,0,13,27
46,Bachelor,Single,56243.0,0,35,4,3,7
36,Bachelor,Married,21355.0,13,14,0,5,31
50,Master,Other,57420.0,0,18,0,0,24
51,Master,Other,52247.25135379061,5,65,26,20,14
66,Master,Divorced,46390.0,14,64,2,9,38
65,Master,Other,54342.0,10,34,11,10,28
63,Bachelor,Other,52247.25135379061,4,12,2,2,6
57,Master,Single,52247.25135379061,1,9,2,0,4
48,Bachelor,Married,20895.0,3,17,3,0,4
73,Bachelor,Married,92344.0,24,694,51,19,119
49,PhD,Other,52247.25135379061,1,13,0,0,3
45,Master,Other,26907.0,1,7,0,3,2
41,Bachelor,Other,44964.0,1,17,2,0,2
42,Bachelor,Other,75507.0,93,374,104,80,80
49,Master,Married,53761.0,0,76,13,7,71
48,Bachelor,Other,22682.0,14,29,4,2,36
49,PhD,Other,38887.0,1,13,0,0,3
46,Master,Single,41658.0,4,12,15,4,29
49,PhD,Married,29791.0,0,6,0,0,0
65,Master,Married,63915.0,7,115,30,0,15
47,Bachelor,Divorced,39996.0,0,3,0,0,1
49,Bachelor,Divorced,26759.0,3,16,8,5,2
53,Master,Divorced,63841.0,15,100,20,7,131
52,PhD,Married,51039.0,64,79,65,0,109
60,Bachelor,Married,60544.0,2,43,3,5,35
49,Bachelor,Married,65685.0,14,49,0,7,57
68,Bachelor,Married,37716.0,1,41,6,2,41
64,Bachelor,Single,36864.0,5,39,17,0,89
51,Master,Married,44511.0,7,133,46,14,14
54,PhD,Married,36947.0,3,21,4,1,29
70,Master,Other,47352.0,12,112,8,0,15
68,Master,Married,67087.0,35,222,130,35,43
71,Bachelor,Married,57045.0,13,104,11,13,17
68,PhD,Divorced,36957.0,2,16,2,1,31
44,PhD,Married,69389.0,7,238,69,46,15
49,Bachelor,Married,80134.0,16,272,104,0,80
52,Master,Married,43142.0,1,7,2,1,4
77,Bachelor,Married,80589.0,93,520,242,40,26
31,Bachelor,Single,34412.0,12,50,4,36,55
42,Bachelor,Single,57537.0,56,139,51,8,100
55,Basic,Other,22634.0,23,11,8,6,46
73,Bachelor,Other,51315.0,28,39,16,30,41
49,Bachelor,Married,36026.0,4,10,6,4,17
48,Bachelor,Married,24639.0,3,16,0,4,1
49,PhD,Other,34578.0,0,1,0,0,0
49,Master,Single,65704.0,172,74,38,8,246
55,Bachelor,Single,63810.0,12,253,16,12,101
52,PhD,Other,54132.0,1,8,0,0,3
62,Bachelor,Married,18690.0,1,7,23,4,19
51,Bachelor,Married,28164.0,18,26,11,8,12
47,PhD,Married,34596.0,0,2,0,0,7
49,PhD,Married,43269.0,1,7,0,0,1
63,Master,Single,38741.0,10,17,8,6,13
49,Bachelor,Single,31907.0,87,64,175,16,74
38,Master,Married,27100.0,0,13,2,0,10
48,Master,Divorced,31163.0,3,10,11,2,10
36,Bachelor,Married,92533.0,21,118,110,147,42
48,Bachelor,Single,34853.0,3,15,2,3,2
54,Bachelor,Divorced,70844.0,26,67,3,67,2
42,Master,Married,31086.0,2,11,3,0,16
60,Bachelor,Married,60544.0,2,43,3,5,35
35,Master,Other,20491.0,4,5,4,2,10
57,Bachelor,Married,42523.0,36,11,3,26,35
38,Bachelor,Married,39922.0,12,59,19,1,36
69,Bachelor,Other,33402.0,2,19,10,5,8
72,Master,Married,36408.0,1,4,3,2,3
42,Bachelor,Other,21645.0,0,23,4,5,19
73,Master,Widow,78427.0,19,595,180,26,138
75,Bachelor,Other,82657.0,168,672,246,105,126
63,Bachelor,Married,51876.0,27,102,28,48,6
50,Master,Married,78041.0,35,553,72,160,17
64,Bachelor,Married,52852.0,8,99,11,0,47
39,PhD,Other,70038.0,54,348,71,54,130
48,Master,Other,69401.0,27,159,58,8,39
49,Bachelor,Other,46053.0,10,92,19,7,25
56,Bachelor,Married,77343.0,151,573,98,54,31
68,Bachelor,Single,73892.0,102,601,0,58,43
54,PhD,Single,40304.0,0,17,0,0,3
56,PhD,Other,32727.0,13,180,86,13,70
52,Bachelor,Other,68695.0,81,356,106,50,40
50,Bachelor,Divorced,43300.0,3,52,2,1,31
49,Bachelor,Other,26290.0,8,16,11,5,22
51,Bachelor,Single,93790.0,68,731,89,114,45
47,PhD,Married,38410.0,64,123,116,64,14
71,Master,Widow,64866.0,5,21,7,5,10
62,Bachelor,Other,57957.0,59,177,77,5,29
66,PhD,Other,46015.0,0,2,0,0,6
43,Bachelor,Other,16531.0,13,6,7,5,11
35,Master,Married,28072.0,0,10,2,0,5
58,Master,Divorced,49476.0,23,95,54,41,196
68,Bachelor,Married,50725.0,10,75,0,10,48
69,Bachelor,Other,83844.0,31,345,75,31,191
71,PhD,Married,41145.0,0,3,0,0,1
51,Bachelor,Other,67419.0,84,352,91,56,42
51,Master,Married,23162.0,3,9,19,4,22
44,Bachelor,Married,34380.0,7,58,13,1,24
55,Bachelor,Single,34704.0,0,5,0,1,5
52,PhD,Married,94871.0,24,553,188,0,144
63,Bachelor,Married,65148.0,35,422,33,12,153
67,Bachelor,Other,39898.0,8,26,12,7,12
65,Master,Single,64857.0,14,717,210,0,43
51,PhD,Married,59892.0,0,13,0,1,0
34,Master,Single,41020.0,1,54,7,7,36
60,PhD,Married,57072.0,0,60,0,0,30
42,Bachelor,Single,60474.0,199,303,234,9,170
61,Bachelor,Other,62807.0,28,135,10,21,99
40,Master,Other,19414.0,3,12,3,5,7
41,Bachelor,Married,19107.0,4,9,10,5,16
45,Master,Other,75484.0,97,259,197,194,34
45,Master,Single,70379.0,25,142,65,67,8
51,Master,Other,79419.0,127,687,20,15,31
75,PhD,Other,64014.0,0,30,0,0,8
66,Bachelor,Married,76998.0,89,161,69,35,107
49,Master,Other,49854.0,17,171,39,0,30
50,PhD,Married,60585.0,42,309,55,42,21
71,PhD,Divorced,42873.0,0,40,3,2,15
33,Bachelor,Other,87679.0,172,815,97,148,33
43,Bachelor,Other,57867.0,35,178,15,23,17
31,Bachelor,Married,35765.0,3,30,0,5,15
62,Bachelor,Married,65492.0,161,295,210,85,47
44,Bachelor,Divorced,32952.0,0,12,3,1,1
52,PhD,Other,53374.0,10,101,13,10,34
62,Bachelor,Other,71706.0,56,253,91,98,14
33,Bachelor,Married,68487.0,12,385,33,89,89
46,Master,Other,53253.0,9,57,20,9,125
48,Master,Divorced,31163.0,3,10,11,2,10
44,Bachelor,Married,42014.0,15,108,4,15,50
48,Master,Married,54108.0,6,91,8,6,97
66,PhD,Single,49667.0,26,120,17,13,39
47,Master,Married,63206.0,8,125,11,8,26
49,Master,Married,57136.0,5,109,21,109,92
46,Master,Other,46772.0,104,189,197,151,57
50,PhD,Married,78931.0,197,170,58,152,35
63,Bachelor,Other,53977.0,16,165,0,24,82
33,Bachelor,Married,84219.0,137,400,45,137,45
46,Master,Single,46098.0,0,27,0,0,36
56,Bachelor,Married,73538.0,76,428,99,137,107
35,Bachelor,Married,79529.0,42,706,73,197,197
44,Master,Other,20981.0,12,10,6,13,30
41,Bachelor,Single,51766.0,51,87,6,20,51
59,Bachelor,Married,55759.0,0,85,10,7,77
43,Bachelor,Married,33039.0,8,12,8,8,12
49,Master,Married,37787.0,1,40,4,3,18
51,Bachelor,Single,27242.0,17,26,20,1,39
38,PhD,Single,87188.0,111,724,49,74,55
50,Bachelor,Other,69930.0,98,827,219,70,196
45,Bachelor,Single,37697.0,6,21,11,4,8
48,PhD,Married,37401.0,3,19,3,1,3
45,Bachelor,Married,58597.0,0,184,10,28,21
73,PhD,Widow,82032.0,194,377,149,125,57
63,Bachelor,Other,28087.0,8,17,13,0,21
34,PhD,Single,74004.0,48,560,42,176,48
61,Bachelor,Other,19740.0,11,3,10,4,20
46,Master,Married,57036.0,43,219,19,14,47
63,Master,Other,53083.0,7,33,3,0,13
46,PhD,Married,69283.0,62,134,0,26,8
46,Master,Single,46098.0,0,27,0,0,36
33,Master,Married,23331.0,36,7,0,10,45
33,Master,Single,23331.0,20,101,24,15,5
62,PhD,Widow,67786.0,82,441,80,20,102
50,PhD,Married,71969.0,0,76,0,0,10
54,Master,Single,59235.0,40,469,80,0,91
32,Bachelor,Other,31928.0,4,24,4,2,5
60,Master,Other,74881.0,72,270,36,27,54
43,Bachelor,Married,65819.0,38,701,149,165,63
68,PhD,Single,51411.0,0,3,0,0,1
57,Bachelor,Divorced,51983.0,0,115,10,7,30
35,Master,Other,42386.0,4,16,0,4,11
34,Master,Married,30390.0,12,12,25,1,20
58,Bachelor,Single,30983.0,4,50,12,1,49
64,Bachelor,Widow,66033.0,35,179,46,59,65
46,Master,Married,37284.0,1,2,2,1,6
70,Master,Divorced,57530.0,1,27,6,7,1
56,Master,Married,76800.0,26,255,35,71,81
65,Bachelor,Married,63943.0,184,368,13,97,21
59,Bachelor,Other,76081.0,30,415,63,33,200
47,Bachelor,Married,67445.0,80,217,29,80,11
54,Master,Married,37054.0,1,6,0,1,5
59,Master,Other,47175.0,2,44,6,2,19
45,Bachelor,Divorced,31859.0,1,3,8,0,5
60,Bachelor,Divorced,27215.0,5,22,8,9,28
45,PhD,Divorced,70179.0,88,168,69,44,133
38,Bachelor,Married,39922.0,12,59,19,1,36
45,Master,Married,49681.0,0,26,0,0,21
33,Bachelor,Married,24645.0,3,4,4,1,0
67,Bachelor,Divorced,79865.0,99,278,185,121,38
36,Bachelor,Married,44322.0,0,40,3,0,3
69,Bachelor,Single,47958.0,11,88,15,3,22
57,Master,Single,63972.0,63,254,0,12,12
67,Bachelor,Other,75315.0,15,171,142,23,31
71,PhD,Married,55517.0,0,108,0,6,36
64,PhD,Married,75283.0,9,180,12,19,66
75,PhD,Single,82800.0,22,115,59,68,45
67,Bachelor,Married,38998.0,1,14,0,0,5
30,Master,Single,90638.0,120,915,94,144,96
35,Master,Married,27161.0,4,23,7,0,11
44,Bachelor,Married,42014.0,15,108,4,15,50
61,PhD,Other,38201.0,0,23,0,0,12
39,Bachelor,Other,45203.0,3,67,10,8,24
74,PhD,Other,81574.0,0,465,46,35,0
29,Bachelor,Married,34935.0,4,66,3,10,20
45,Master,Single,60482.0,43,134,37,14,24
65,Bachelor,Other,34633.0,1,5,0,0,1
74,Master,Other,78093.0,32,639,13,43,10
71,Bachelor,Divorced,82460.0,47,573,52,32,15
55,Master,Other,45903.0,8,10,2,10,3
34,Bachelor,Divorced,81361.0,23,424,27,65,76
48,PhD,Divorced,35860.0,0,8,4,2,20
69,Master,Other,40442.0,12,52,25,22,13
56,Bachelor,Married,61482.0,58,68,16,66,43
41,Bachelor,Married,34968.0,6,45,8,2,2
34,Bachelor,Married,75794.0,160,625,63,32,48
59,PhD,Other,31497.0,1,28,13,1,4
66,Bachelor,Married,74268.0,66,315,97,174,41
33,Basic,Other,13724.0,7,5,2,15,27
56,Master,Other,45143.0,5,74,11,5,14
54,PhD,Single,52569.0,0,3,0,0,7
48,PhD,Single,48432.0,3,50,4,3,42
61,Master,Other,17144.0,2,19,0,2,6
37,Bachelor,Single,36108.0,8,129,3,11,47
50,Bachelor,Married,76445.0,107,309,140,80,35
46,PhD,Married,36663.0,0,6,3,3,5
56,Master,Married,53843.0,0,88,19,4,73
65,Master,Married,90226.0,108,649,253,151,108
66,Master,Divorced,70638.0,12,215,16,12,63
61,Bachelor,Other,44512.0,1,6,0,0,2
60,Bachelor,Married,27116.0,1,21,2,2,3
58,PhD,Married,54072.0,0,4,0,0,0
44,Bachelor,Married,71855.0,31,422,0,112,28
31,Master,Single,51250.0,32,230,34,32,40
48,Master,Married,60432.0,3,15,4,3,11
57,PhD,Married,65526.0,19,69,12,0,9
33,Bachelor,Single,68655.0,19,832,75,118,38
43,Master,Married,12393.0,6,15,11,7,13
31,Bachelor,Single,64509.0,185,575,24,25,77
46,Bachelor,Single,33955.0,2,128,23,7,10
44,Bachelor,Married,31353.0,0,10,3,1,7
37,Bachelor,Married,55434.0,115,215,169,69,76
38,Bachelor,Other,28359.0,0,5,2,1,2
34,Bachelor,Single,57100.0,11,99,15,11,17
56,Bachelor,Married,69139.0,12,75,33,15,6
65,Master,Married,52973.0,0,76,12,9,199
56,PhD,Other,51717.0,1,17,0,1,5
50,Bachelor,Married,18793.0,16,20,0,17,20
39,Master,Other,66664.0,96,447,220,96,32
62,Bachelor,Single,50664.0,8,104,6,4,126
58,Bachelor,Other,54414.0,18,16,24,26,18
69,PhD,Married,54549.0,2,6,0,0,9
50,PhD,Widow,47111.0,71,153,120,112,41
58,PhD,Divorced,41003.0,133,142,71,44,88
39,Bachelor,Other,19444.0,0,23,3,2,10
45,Master,Other,36301.0,12,35,3,5,12
74,PhD,Other,73059.0,112,420,0,82,71
52,PhD,Other,42731.0,2,51,6,2,24
62,PhD,Married,52854.0,0,10,0,1,0
43,Bachelor,Other,22775.0,1,8,0,0,1
73,PhD,Other,46681.0,15,69,15,19,38
66,PhD,Married,59821.0,0,70,0,0,35
67,Bachelor,Divorced,50002.0,5,71,21,16,82
76,Bachelor,Married,69755.0,77,373,111,23,93
52,Bachelor,Married,44078.0,1,10,2,0,4
45,Master,Other,30560.0,1,5,4,5,7
52,Master,Other,35924.0,0,14,2,3,7
57,PhD,Divorced,64140.0,0,61,0,15,215
40,Bachelor,Other,56386.0,48,214,13,32,75
42,Basic,Other,24594.0,3,6,10,0,9
40,Master,Other,75774.0,21,134,258,14,56
61,Master,Divorced,39228.0,1,6,0,3,3
47,Master,Married,58494.0,7,68,4,0,19
40,Bachelor,Single,58684.0,35,179,28,7,85
54,Bachelor,Divorced,57136.0,140,599,34,12,127
71,PhD,Widow,56551.0,4,32,17,2,16
39,Bachelor,Married,22448.0,1,8,23,2,18
60,Bachelor,Single,82014.0,37,265,35,163,31
58,Bachelor,Widow,34213.0,4,28,6,3,26
44,Bachelor,Other,157146.0,0,1725,2,1,1
74,PhD,Widow,25358.0,0,5,0,0,8
43,Master,Single,35544.0,5,23,4,1,4
67,Master,Other,36634.0,9,76,4,3,30
67,PhD,Married,62670.0,30,92,80,46,38
49,Master,Other,50334.0,16,160,84,16,134
40,Bachelor,Single,72066.0,34,536,134,51,34
63,PhD,Single,50729.0,13,143,45,4,52
53,Bachelor,Other,34916.0,23,82,33,0,42
45,Bachelor,Divorced,64892.0,24,230,32,24,65
55,Bachelor,Single,43602.0,5,12,10,3,19
32,PhD,Single,33996.0,2,15,8,0,6
36,Master,Single,41473.0,8,20,15,3,9
54,PhD,Married,63246.0,30,91,29,22,7
62,PhD,Married,36732.0,5,3,10,1,7
51,PhD,Married,69084.0,107,199,39,30,30
54,PhD,Married,77766.0,59,265,115,59,27
36,PhD,Single,37929.0,2,46,3,2,10
70,Bachelor,Other,86610.0,107,768,33,196,53
35,Master,Married,80141.0,102,673,52,40,40
66,Master,Married,72635.0,22,323,104,35,107
51,Bachelor,Married,69016.0,53,363,123,107,161
30,Master,Other,20193.0,8,22,24,11,9
46,Bachelor,Married,27573.0,15,110,39,15,15
42,Basic,Single,15862.0,1,4,11,9,10
45,PhD,Married,49544.0,0,73,0,0,23
41,Bachelor,Married,33228.0,2,31,7,4,5
43,Bachelor,Other,70440.0,117,499,76,102,88
50,Bachelor,Other,38232.0,5,28,7,6,33
66,PhD,Married,22554.0,0,10,0,0,4
38,PhD,Married,23536.0,0,3,0,0,1
69,Bachelor,Married,49413.0,7,41,3,2,46
52,Bachelor,Married,42231.0,0,8,0,1,4
41,Master,Divorced,78789.0,50,850,21,83,83
53,Bachelor,Other,56534.0,7,61,10,0,46
50,Bachelor,Single,58350.0,26,206,116,80,80
32,Bachelor,Single,81217.0,70,324,146,40,84
70,Bachelor,Single,49090.0,5,82,7,0,100
34,Master,Divorced,61787.0,73,414,78,48,85
36,PhD,Married,18169.0,0,5,0,0,7
40,Master,Single,24336.0,6,2,8,2,12
31,Bachelor,Married,18222.0,4,19,12,6,14
69,Bachelor,Divorced,62335.0,131,217,85,6,26
50,Master,Other,42033.0,1,4,2,0,7
38,PhD,Married,86580.0,21,127,26,20,20
64,PhD,Divorced,41437.0,0,2,0,0,1
70,Master,Widow,73705.0,91,520,258,107,107
45,Bachelor,Married,61064.0,126,342,0,45,180
66,Master,Married,38452.0,0,14,0,0,2
32,Bachelor,Single,18358.0,8,19,16,4,4
48,PhD,Other,55012.0,0,65,0,0,13
37,PhD,Married,38175.0,6,69,2,3,3
65,Master,Other,58656.0,12,194,16,24,12
56,Bachelor,Other,52117.0,10,107,30,0,20
43,Bachelor,Married,64813.0,0,124,179,97,52
48,PhD,Married,54222.0,12,31,3,12,7
35,Bachelor,Married,83512.0,61,835,80,20,101
62,Master,Married,77520.0,44,396,0,88,58
43,Bachelor,Other,41154.0,2,11,2,3,7
55,Bachelor,Married,80398.0,51,936,207,35,26
29,Basic,Single,18746.0,10,11,12,9,20
37,Bachelor,Other,35196.0,12,141,43,39,187
65,Bachelor,Single,60230.0,20,367,39,81,40
44,Bachelor,Married,22108.0,3,9,6,2,6
47,Bachelor,Other,44392.0,5,71,7,12,29
45,PhD,Married,55424.0,61,184,10,53,107
42,Bachelor,Married,17688.0,2,1,3,1,2
38,PhD,Married,92491.0,44,935,29,25,22
30,Bachelor,Single,90273.0,129,853,120,74,111
59,PhD,Widow,82571.0,31,558,62,95,79
39,PhD,Single,38513.0,3,115,16,0,18
42,Master,Single,16653.0,7,31,15,4,7
66,Bachelor,Other,42586.0,2,56,0,0,0
56,Basic,Single,23529.0,7,13,3,2,20
60,Master,Other,74881.0,72,270,36,27,54
70,Bachelor,Married,71107.0,10,217,198,174,195
57,PhD,Other,46910.0,0,14,0,0,6
62,Bachelor,Married,18690.0,1,7,23,4,19
66,Bachelor,Divorced,37244.0,2,10,0,0,25
55,Bachelor,Other,82427.0,147,509,104,107,107
63,Master,Single,75342.0,97,97,21,118,26
67,Bachelor,Divorced,70044.0,0,250,153,14,14
54,Bachelor,Single,79146.0,16,223,21,43,16
58,Bachelor,Married,77437.0,21,442,29,44,29
62,Bachelor,Married,54984.0,13,131,32,3,6
50,PhD,Married,42403.0,1,11,0,5,3
57,Bachelor,Other,55761.0,1,12,0,3,32
38,Bachelor,Other,37292.0,0,86,10,23,66
76,PhD,Single,45576.0,19,29,2,14,25
74,Bachelor,Other,70321.0,23,751,82,26,191
52,PhD,Divorced,58086.0,7,62,0,0,15
69,Bachelor,Married,81795.0,132,693,27,118,88
74,Basic,Other,28389.0,5,3,7,4,8
75,Master,Married,66835.0,26,195,34,17,141
52,Bachelor,Divorced,69901.0,21,206,102,92,149
72,PhD,Married,80360.0,86,454,112,43,43
60,PhD,Other,63342.0,21,118,13,10,21
47,Bachelor,Married,44989.0,0,106,49,10,106
41,Master,Single,31859.0,4,7,15,8,11
72,PhD,Widow,51569.0,0,47,6,0,34
50,Bachelor,Widow,30372.0,0,12,7,3,7
42,Basic,Single,16014.0,9,4,7,8,7
53,Bachelor,Married,41120.0,2,23,0,8,24
50,Master,Single,39763.0,1,60,4,6,16
66,PhD,Married,38725.0,0,6,2,1,5
49,Bachelor,Married,77981.0,120,204,16,126,60
57,Master,Married,62905.0,75,96,119,107,59
42,Master,Divorced,13533.0,3,8,8,0,17
46,Bachelor,Other,59481.0,3,85,71,66,58
44,Bachelor,Married,72117.0,20,171,65,60,50
35,Master,Married,21955.0,1,7,17,14,11
65,Bachelor,Married,67131.0,71,250,93,35,62
41,PhD,Single,36802.0,1,2,0,0,1
39,Bachelor,Other,71853.0,108,413,141,97,32
60,Basic,Married,28249.0,9,7,2,14,10
46,Master,Married,47808.0,1,26,2,0,72
47,PhD,Divorced,25509.0,3,30,10,7,11
75,PhD,Married,51012.0,9,63,2,9,24
36,Bachelor,Single,70596.0,44,534,17,0,26
69,PhD,Other,85431.0,53,462,168,53,53
54,Bachelor,Married,42664.0,0,3,0,0,0
66,Bachelor,Other,42586.0,2,56,0,0,0
36,Bachelor,Single,29760.0,4,68,7,5,17
44,PhD,Married,28973.0,0,46,3,2,12
48,PhD,Other,39435.0,0,18,0,0,13
37,Master,Married,65370.0,22,112,138,89,29
42,Basic,Single,20194.0,4,7,11,10,15
45,PhD,Single,42473.0,1,21,0,4,25
53,Bachelor,Married,64590.0,138,168,36,46,30
62,Bachelor,Other,71232.0,17,170,34,26,17
50,Bachelor,Other,34600.0,33,60,8,3,15
54,Bachelor,Single,46904.0,4,56,0,9,31
48,Bachelor,Married,49094.0,0,38,11,8,69
38,Bachelor,Other,36075.0,0,30,12,1,30
42,Master,Other,60839.0,21,128,223,150,128
42,Bachelor,Other,77298.0,115,292,23,35,79
71,Bachelor,Other,34026.0,6,15,12,8,17
58,PhD,Single,48918.0,0,9,0,0,1
59,Master,Other,82122.0,22,350,151,25,100
45,Bachelor,Single,37697.0,6,21,11,4,8
69,Bachelor,Other,34074.0,1,41,10,1,67
61,Master,Married,28520.0,0,10,0,2,20
66,Bachelor,Single,62535.0,48,90,0,45,52
44,Master,Single,36273.0,3,30,3,2,9
57,Bachelor,Other,63404.0,26,70,11,44,17
40,Master,Other,75774.0,21,134,258,14,56
45,Bachelor,Other,78416.0,38,279,188,38,183
47,Bachelor,Other,75702.0,0,629,145,37,37
70,Master,Other,59385.0,0,10,0,4,36
55,Bachelor,Single,37070.0,7,137,4,15,39
70,Bachelor,Married,44689.0,0,5,0,0,11
63,Bachelor,Other,53977.0,16,165,0,24,82
57,Bachelor,Single,18701.0,4,2,10,6,10
65,Bachelor,Married,90369.0,51,981,224,23,17
47,PhD,Single,63159.0,34,586,89,86,37
55,Bachelor,Other,37758.0,2,10,0,0,1
58,PhD,Single,46757.0,30,163,0,51,122
52,Master,Married,79734.0,8,232,23,62,17
29,Bachelor,Other,63207.0,169,565,91,169,70
67,Bachelor,Divorced,72071.0,69,300,150,138,150
38,PhD,Other,21840.0,0,9,0,0,1
39,Master,Other,58582.0,35,106,101,77,42
70,Bachelor,Single,72282.0,27,419,90,139,153
65,Bachelor,Married,50387.0,9,87,12,14,34
60,PhD,Other,32583.0,0,3,0,0,1
59,Bachelor,Other,62568.0,17,398,80,35,61
50,Master,Divorced,44635.0,0,9,0,0,3
50,Master,Single,33316.0,1,31,4,4,12
53,Bachelor,Married,63967.0,84,141,73,35,162
43,Master,Other,52513.0,17,241,104,188,232
52,Bachelor,Married,25293.0,0,11,0,2,9
56,PhD,Widow,54111.0,6,54,8,3,50
35,Bachelor,Other,78394.0,27,697,216,24,166
63,Master,Married,80739.0,92,736,39,0,92
46,Master,Other,22669.0,14,36,37,22,48
34,Bachelor,Single,29236.0,4,24,16,9,9
62,Bachelor,Other,44911.0,0,22,2,1,31
59,PhD,Married,54693.0,17,142,23,26,35
47,Bachelor,Other,48186.0,3,66,12,7,34
44,Bachelor,Married,54809.0,6,57,13,13,22
43,Bachelor,Other,41580.0,5,24,4,0,3
51,PhD,Married,80336.0,19,456,160,142,66
64,Bachelor,Married,47743.0,2,43,0,12,20
66,Master,Married,62972.0,15,47,20,0,192
67,PhD,Divorced,57333.0,14,397,76,58,176
39,PhD,Other,32313.0,4,56,2,4,7
68,Master,Widow,84953.0,48,602,63,72,72
53,Master,Divorced,27071.0,3,19,0,2,3
64,Master,Other,68148.0,66,408,37,57,85
56,Master,Other,65735.0,7,119,4,15,11
46,PhD,Married,86836.0,21,273,0,21,63
31,Bachelor,Married,30093.0,6,28,13,4,16
55,PhD,Married,57705.0,0,53,6,4,40
33,Bachelor,Single,25008.0,8,8,6,1,9
26,Master,Single,83257.0,27,590,38,107,67
46,Bachelor,Other,22280.0,1,4,3,1,2
43,PhD,Married,72159.0,53,899,34,40,53
60,Bachelor,Other,64260.0,169,816,20,0,30
37,PhD,Single,82733.0,50,420,65,38,38
50,Master,Divorced,74290.0,0,72,0,12,12
70,Master,Single,58217.0,1,13,3,5,13
45,Master,Other,21024.0,4,18,6,2,18
49,PhD,Married,70116.0,44,603,95,58,29
36,Bachelor,Other,54006.0,77,203,6,24,97
55,PhD,Married,69063.0,35,124,69,8,26
46,Master,Divorced,11448.0,0,0,6,2,6
42,Bachelor,Single,61825.0,50,100,55,30,27
50,Bachelor,Married,70886.0,70,239,103,88,53
39,Bachelor,Married,69109.0,25,459,124,29,95
48,Bachelor,Widow,60208.0,23,71,15,0,59
53,Master,Other,32889.0,0,13,4,2,8
37,Bachelor,Single,34738.0,2,10,3,0,2
50,Master,Other,30538.0,0,52,8,3,20
44,Master,Other,82326.0,142,754,159,81,183
54,PhD,Divorced,26642.0,2,15,2,2,8
57,Bachelor,Divorced,69932.0,172,153,150,105,57
49,Bachelor,Single,44503.0,1,8,0,0,8
73,PhD,Single,60200.0,19,132,0,6,26
69,Bachelor,Divorced,49638.0,10,3,3,5,0
34,Master,Single,23830.0,8,6,4,8,16
62,Master,Widow,33051.0,71,243,108,94,219
63,Bachelor,Married,72905.0,114,445,181,165,203
70,PhD,Other,69702.0,9,240,50,19,57
46,Bachelor,Divorced,70300.0,61,338,60,46,46
37,PhD,Married,70643.0,107,304,23,143,33
52,PhD,Married,30396.0,0,6,0,1,12
53,PhD,Divorced,50616.0,0,16,0,1,4
52,Master,Single,62772.0,49,157,43,8,108
36,PhD,Single,30298.0,3,12,6,1,0
37,Bachelor,Single,52413.0,8,133,56,56,12
64,PhD,Married,44155.0,1,9,0,0,14
50,PhD,Divorced,86979.0,100,835,65,83,35
46,Bachelor,Other,76532.0,30,177,90,138,30
39,Bachelor,Married,42081.0,10,110,54,6,27
33,PhD,Married,67546.0,134,768,150,38,172
32,Master,Other,88420.0,153,612,99,95,153
36,Bachelor,Married,31158.0,6,16,20,0,5
53,Bachelor,Divorced,61671.0,7,56,0,0,28
47,Bachelor,Single,69719.0,86,208,177,14,43
72,Bachelor,Divorced,49160.0,21,43,25,10,15
43,Basic,Other,24882.0,4,10,29,0,36
67,PhD,Single,90933.0,31,430,62,63,79
76,PhD,Single,113734.0,2,3,1,262,3
71,PhD,Other,59292.0,14,68,19,14,14
57,PhD,Married,45759.0,1,18,3,0,4
38,Bachelor,Single,22148.0,5,14,0,4,11
34,Master,Married,73395.0,7,80,20,7,11
50,Bachelor,Divorced,29819.0,1,24,2,1,2
53,Bachelor,Married,45688.0,0,18,0,0,9
67,Bachelor,Married,62820.0,61,265,138,61,53
50,PhD,Married,60491.0,47,237,12,19,76
35,Bachelor,Other,33235.0,0,16,2,1,6
62,Bachelor,Married,35701.0,1,9,7,3,5
41,Master,Married,31535.0,4,13,0,0,19
61,Master,Other,92556.0,183,352,184,23,28
51,Bachelor,Single,67384.0,40,175,158,53,107
50,Master,Other,80573.0,138,430,60,92,15
54,Bachelor,Married,77870.0,50,500,65,50,133
58,PhD,Widow,52278.0,0,71,0,0,174
53,Bachelor,Single,57107.0,0,120,0,0,137
31,Bachelor,Married,18929.0,0,8,23,4,18
40,PhD,Single,36038.0,0,15,0,2,7
45,Bachelor,Single,20180.0,42,24,15,20,18
56,PhD,Other,34230.0,0,4,0,0,2
44,Master,Single,31878.0,4,5,10,5,23
49,Master,Married,70932.0,193,100,46,185,185
65,Bachelor,Single,91249.0,27,119,71,108,27
78,Master,Single,77598.0,33,281,129,66,33
62,Bachelor,Single,80982.0,137,401,104,22,22
44,Master,Married,22701.0,4,9,0,4,5
52,PhD,Married,55212.0,0,45,0,0,34
51,Bachelor,Married,70617.0,61,753,40,46,27
64,Bachelor,Single,64849.0,48,350,94,84,108
56,Master,Married,62694.0,6,157,25,91,91
47,PhD,Married,61917.0,4,36,2,2,1
74,PhD,Married,67472.0,31,127,8,17,69
39,Master,Married,21059.0,3,19,3,3,8
53,Master,Married,29543.0,3,18,3,4,18
70,Bachelor,Married,75903.0,108,185,130,38,100
46,Master,Other,34984.0,4,15,3,5,3
65,PhD,Single,54998.0,22,202,39,30,8
72,PhD,Widow,54356.0,15,30,20,0,0
62,Master,Married,34242.0,2,4,0,0,1
48,Bachelor,Married,25410.0,2,4,13,13,4
37,PhD,Married,73356.0,14,322,0,14,112
71,Bachelor,Other,28320.0,1,14,3,2,4
44,Bachelor,Single,23763.0,0,6,6,2,6
37,Bachelor,Married,72570.0,83,216,151,141,224
45,Master,Married,34529.0,6,38,3,6,41
70,Bachelor,Widow,70792.0,45,654,104,11,114
39,Bachelor,Married,63211.0,193,459,205,26,145
47,Master,Married,83891.0,38,350,111,85,15
53,Bachelor,Single,36065.0,7,34,10,2,3
67,Bachelor,Other,39898.0,8,26,12,7,12
81,PhD,Single,51141.0,0,7,0,0,6
45,Bachelor,Married,56939.0,34,103,90,29,49
70,Bachelor,Single,80872.0,72,567,94,12,108
45,PhD,Other,72335.0,105,653,28,21,0
57,PhD,Single,61798.0,4,89,11,8,13
71,PhD,Widow,76842.0,10,345,84,54,32
45,Bachelor,Other,29478.0,0,7,3,1,1
65,Bachelor,Single,46998.0,41,86,45,6,27
31,Bachelor,Single,96843.0,71,951,40,17,17
71,PhD,Widow,56551.0,4,32,17,2,16
56,Master,Married,70053.0,53,98,81,179,89
59,PhD,Widow,71670.0,16,128,0,0,160
43,Bachelor,Married,44359.0,0,14,7,3,1
69,Bachelor,Single,40887.0,4,44,10,10,43
55,Bachelor,Divorced,48877.0,1,15,2,0,24
74,Bachelor,Other,74485.0,149,815,173,49,49
49,Bachelor,Other,64474.0,35,172,56,86,93
58,Bachelor,Other,77226.0,43,239,128,76,21
72,Bachelor,Widow,72643.0,80,553,123,94,53
43,Master,Other,85738.0,26,376,17,26,13
55,Bachelor,Divorced,55686.0,0,199,37,47,26
38,Bachelor,Single,39062.0,0,9,0,0,12
50,Bachelor,Other,34600.0,33,60,8,3,15
46,Bachelor,Married,40794.0,23,73,4,23,50
50,Master,Married,54690.0,16,37,7,9,18
58,Master,Married,32632.0,151,137,153,19,53
53,PhD,Single,38236.0,0,18,2,0,10
42,Bachelor,Married,36781.0,1,17,0,3,13
37,Master,Single,31385.0,2,12,0,1,9
37,Bachelor,Married,24570.0,34,62,11,14,44
47,PhD,Divorced,25509.0,3,30,10,7,11
70,Bachelor,Married,94642.0,143,797,106,143,143
59,Master,Married,58646.0,1,44,6,5,22
46,Bachelor,Single,53201.0,7,81,20,0,27
64,Bachelor,Other,21994.0,0,6,3,1,3
43,Bachelor,Married,57113.0,4,33,0,2,42
30,Bachelor,Married,51373.0,2,101,64,26,117
35,Bachelor,Married,23477.0,15,54,3,8,29
65,Bachelor,Married,58116.0,19,130,4,11,51
58,PhD,Divorced,72968.0,37,592,145,37,55
50,Master,Married,39791.0,15,27,13,13,21
74,Master,Single,91712.0,24,746,94,29,48
63,Bachelor,Single,94472.0,33,417,108,100,16
61,Bachelor,Other,13672.0,2,9,2,1,5
41,Master,Married,96547.0,21,125,52,101,62
46,Bachelor,Married,79205.0,23,117,179,28,44
46,PhD,Other,56559.0,22,133,41,31,31
48,PhD,Married,32644.0,3,141,0,7,23
41,Master,Single,67506.0,38,67,33,36,67
51,Bachelor,Single,24206.0,2,8,3,2,3
54,PhD,Divorced,28420.0,2,5,2,0,0
51,Bachelor,Married,22979.0,17,19,20,21,22
55,Bachelor,Single,33279.0,3,3,0,0,0
49,Master,Single,46423.0,0,16,0,0,8
44,Bachelor,Married,30368.0,0,13,2,0,2
51,Bachelor,Married,63684.0,80,428,208,93,80
57,Bachelor,Divorced,41638.0,0,31,4,0,91
62,PhD,Divorced,68805.0,2,49,17,13,20
55,PhD,Other,65814.0,14,113,10,14,35
63,Bachelor,Divorced,71964.0,51,932,180,34,86
35,Bachelor,Single,39146.0,1,33,13,12,12
44,Bachelor,Other,96876.0,43,735,40,194,21
40,Basic,Married,34445.0,122,122,208,129,30
63,Bachelor,Single,68281.0,112,417,42,48,41
46,Master,Married,37284.0,1,2,2,1,6
38,Bachelor,Married,36790.0,3,14,15,21,10
54,Bachelor,Other,27943.0,1,16,4,1,3
70,Bachelor,Divorced,22263.0,0,2,0,0,2
49,Bachelor,Other,30261.0,0,5,0,3,6
43,Bachelor,Other,28587.0,4,17,12,10,13
39,Master,Married,43815.0,10,29,4,7,15
65,Bachelor,Married,48195.0,27,68,52,7,5
69,Master,Married,77027.0,57,242,45,0,11
56,PhD,Married,71322.0,43,226,69,10,204
42,Master,Married,32765.0,3,17,7,3,3
56,Bachelor,Other,29672.0,1,3,0,4,8
68,Bachelor,Divorced,23272.0,3,6,4,2,12
72,Master,Other,49912.0,8,223,32,49,42
74,PhD,Widow,68117.0,44,215,0,17,36
66,Bachelor,Married,67225.0,35,322,46,7,143
45,Bachelor,Married,17649.0,1,23,0,5,1
46,Bachelor,Other,55914.0,60,364,119,101,232
37,Bachelor,Married,40059.0,29,92,28,10,145
71,Bachelor,Other,60905.0,17,76,36,17,38
44,Bachelor,Married,75330.0,82,257,93,61,61
70,Bachelor,Single,60689.0,90,216,63,6,24
37,Bachelor,Married,38680.0,0,36,15,5,12
39,Bachelor,Other,61416.0,154,323,201,61,78
30,Bachelor,Single,49767.0,47,197,55,42,149
51,Bachelor,Single,83273.0,89,650,16,102,102
40,Bachelor,Married,29009.0,6,15,10,5,2
42,Master,Married,45057.0,0,7,3,0,3
50,Bachelor,Married,37150.0,37,64,49,34,116
51,Bachelor,Single,43020.0,7,99,4,25,43
62,Bachelor,Married,53154.0,0,21,0,1,7
48,Bachelor,Married,65308.0,0,264,120,80,34
51,Bachelor,Single,76467.0,161,426,210,44,58
74,Master,Married,81044.0,26,535,73,98,26
70,Bachelor,Married,32871.0,2,12,0,2,5
46,Bachelor,Single,55801.0,4,51,6,4,95
62,Bachelor,Widow,76320.0,35,214,69,53,35
66,Master,Single,36927.0,0,16,0,0,4
68,Bachelor,Other,48794.0,0,11,3,0,15
56,Bachelor,Single,23478.0,6,27,12,17,39
48,Bachelor,Divorced,71128.0,159,447,20,0,31
45,PhD,Divorced,70179.0,88,168,69,44,133
71,Bachelor,Married,59462.0,17,143,0,8,196
52,Master,Other,52247.25135379061,42,48,94,66,96
52,Bachelor,Other,38361.0,0,56,20,8,14
40,PhD,Single,52247.25135379061,0,15,0,2,7
39,PhD,Other,70038.0,54,348,71,54,130
43,Bachelor,Other,42554.0,1,11,0,0,0
47,Bachelor,Married,67445.0,80,217,29,80,11
70,Bachelor,Widow,67046.0,35,133,23,151,107
73,Bachelor,Married,42192.0,15,15,17,6,7
69,PhD,Married,77610.0,33,332,21,33,16
37,Bachelor,Married,31761.0,1,20,16,14,28
42,Bachelor,Other,34350.0,3,15,2,1,11
72,Bachelor,Other,54591.0,4,94,12,9,24
65,Bachelor,Married,71866.0,178,178,103,39,33
52,Bachelor,Married,25293.0,0,11,0,2,9
34,PhD,Single,42000.0,83,267,85,59,35
38,Bachelor,Married,69520.0,120,414,121,80,93
51,Bachelor,Divorced,64713.0,60,241,13,54,54
44,Master,Married,27889.0,0,4,0,0,8
61,Basic,Widow,22123.0,3,24,34,7,31
50,Bachelor,Married,52247.25135379061,1,16,0,0,9
67,Master,Other,52247.25135379061,0,22,0,0,24
48,Bachelor,Married,27803.0,26,46,38,9,49
66,Bachelor,Single,52247.25135379061,0,21,12,6,147
61,Bachelor,Married,51651.0,6,23,13,6,92
33,Bachelor,Married,68487.0,12,385,33,89,89
78,Master,Widow,52247.25135379061,126,490,164,126,126
52,Bachelor,Married,56796.0,38,161,62,47,37
29,Master,Married,87000.0,25,607,67,17,49
62,Bachelor,Married,79823.0,73,380,114,73,43
41,Bachelor,Single,30828.0,11,15,2,0,12
50,Master,Married,34109.0,1,5,2,1,4
47,Master,Divorced,53367.0,7,140,10,3,11
52,Basic,Other,22390.0,1,4,15,1,5
45,Bachelor,Other,71322.0,24,124,24,15,42
28,Bachelor,Other,79244.0,102,125,212,61,245
72,Master,Other,49912.0,8,223,32,49,42
71,PhD,Married,48699.0,1,10,2,0,1
46,Bachelor,Other,80144.0,132,445,250,192,108
65,Bachelor,Single,54252.0,4,26,8,4,44
45,Master,Married,81929.0,55,278,49,0,185
46,Bachelor,Married,76068.0,12,128,33,12,76
45,Master,Married,53204.0,0,8,2,0,6
72,PhD,Other,67911.0,0,356,63,28,0
37,Master,Married,14796.0,3,8,7,4,16
47,PhD,Married,78128.0,24,230,16,24,36
49,Basic,Married,14188.0,7,11,16,12,27
35,Basic,Married,20425.0,12,5,3,16,17
59,Master,Married,58646.0,1,44,6,5,22
51,Bachelor,Divorced,72967.0,35,179,0,0,125
72,Master,Married,48150.0,2,39,3,2,47
60,Bachelor,Single,82332.0,59,968,51,79,19
66,Bachelor,Widow,58275.0,10,253,56,43,64
40,PhD,Other,44953.0,17,133,11,8,124
68,Bachelor,Other,34587.0,2,9,2,0,2
47,Master,Other,43018.0,4,17,7,6,64
67,Master,Married,45736.0,3,180,20,3,43
52,Master,Other,66476.0,28,152,25,9,57
40,Master,Married,27733.0,7,5,26,2,17
69,PhD,Other,69805.0,71,174,13,10,20
59,Master,Single,72217.0,42,450,55,56,154
50,Bachelor,Divorced,25818.0,2,8,2,2,9
45,Master,Other,37509.0,5,56,12,8,5
45,Master,Other,25176.0,0,4,0,0,5
41,Bachelor,Married,43586.0,2,11,4,0,16
65,Master,Married,53230.0,72,98,136,21,229
64,Bachelor,Other,50116.0,0,10,0,0,2
49,Bachelor,Other,84906.0,15,414,99,30,76
55,Bachelor,Married,61286.0,0,107,19,9,117
35,PhD,Married,82333.0,0,359,46,89,17
56,PhD,Other,65220.0,63,292,0,25,12
47,Bachelor,Other,33590.0,0,2,0,0,2
45,Bachelor,Divorced,30992.0,0,14,7,3,2
45,Master,Single,72309.0,0,883,50,38,0
72,PhD,Married,156924.0,1,2,1,1,1
41,Basic,Married,16005.0,3,2,20,30,47
64,Master,Other,65487.0,67,500,199,0,163
56,Bachelor,Married,58692.0,11,61,4,7,11
52,Bachelor,Widow,40590.0,0,50,6,11,37
51,Bachelor,Single,20587.0,3,6,4,1,9
67,Master,Divorced,62637.0,12,48,4,12,5
55,Master,Divorced,29435.0,3,37,4,2,64
47,Bachelor,Divorced,19346.0,0,9,3,6,2
50,Bachelor,Married,35788.0,2,11,3,1,4
53,Bachelor,Divorced,36997.0,4,12,8,0,27
64,Bachelor,Married,23539.0,24,11,16,1,25
48,Bachelor,Single,65333.0,7,92,0,15,30
64,Bachelor,Single,78499.0,72,170,47,36,97
50,PhD,Other,29732.0,0,8,0,1,4
61,Master,Other,41275.0,4,22,0,2,9
48,PhD,Other,63516.0,11,114,15,14,5
59,PhD,Married,42769.0,0,13,3,1,0
63,Master,Married,49572.0,1,16,0,1,1
49,Bachelor,Married,69209.0,32,849,229,48,128
45,Bachelor,Married,17148.0,9,11,13,10,16
52,Bachelor,Widow,40590.0,0,50,6,11,37
45,Master,Other,30560.0,1,5,4,5,7
38,Master,Married,32146.0,3,23,4,7,3
57,Master,Divorced,41713.0,8,44,10,10,25
46,Master,Other,34176.0,2,7,4,2,2
66,PhD,Married,58482.0,7,115,19,7,7
56,Bachelor,Single,59686.0,15,89,34,42,5
57,PhD,Married,60896.0,30,399,60,46,153
41,Bachelor,Other,62994.0,12,48,4,12,12
64,Bachelor,Other,47320.0,19,111,50,15,19
72,Master,Widow,74859.0,73,614,133,102,73
29,Basic,Single,15253.0,3,3,8,1,13
47,PhD,Single,31560.0,1,20,4,0,7
67,Bachelor,Divorced,72071.0,69,300,150,138,150
31,Master,Single,91172.0,28,818,0,28,56
37,Bachelor,Married,90000.0,144,133,94,192,241
40,Bachelor,Single,41967.0,4,10,0,2,15
56,Bachelor,Single,69263.0,5,32,13,5,21
51,Master,Divorced,65706.0,10,129,13,0,129
46,Bachelor,Other,60934.0,155,155,192,93,54
70,Bachelor,Married,71965.0,19,286,50,38,248
66,Bachelor,Married,65210.0,0,70,0,7,28
46,PhD,Married,79174.0,37,518,193,92,129
54,Master,Divorced,81380.0,68,689,224,68,103
48,PhD,Other,48432.0,3,50,4,3,42
50,Bachelor,Married,52914.0,10,44,30,10,227
66,Bachelor,Other,38946.0,6,82,6,6,41
47,Bachelor,Married,26067.0,2,18,0,2,12
49,PhD,Married,44325.0,0,21,0,0,5
57,Bachelor,Married,42523.0,36,11,3,26,35
43,Basic,Single,26487.0,8,10,12,14,23
64,Master,Married,53233.0,0,9,3,0,0
61,Bachelor,Married,67716.0,142,217,62,9,56
49,Master,Married,76234.0,50,167,130,0,41
65,PhD,Married,84117.0,76,749,59,45,26
64,Master,Other,65487.0,67,500,199,0,163
49,Basic,Married,25224.0,9,12,11,2,8
38,Master,Single,89616.0,47,655,145,111,15
50,Bachelor,Divorced,40851.0,1,7,0,4,24
74,Bachelor,Married,27469.0,1,2,3,2,0
64,Master,Married,82347.0,54,845,202,133,63
64,Bachelor,Married,73803.0,80,363,52,26,174
47,Bachelor,Single,43322.0,7,48,10,2,18
48,Bachelor,Other,55593.0,8,124,11,4,106
67,Bachelor,Married,50501.0,0,38,13,0,152
46,Bachelor,Married,37085.0,1,16,2,0,3
31,Basic,Single,16185.0,11,16,21,8,45
52,Bachelor,Single,57731.0,21,300,65,8,44
48,PhD,Other,48432.0,3,50,4,3,42
43,Bachelor,Married,73807.0,124,156,71,78,54
31,Bachelor,Married,18929.0,0,8,23,4,18
53,Bachelor,Single,35893.0,0,23,0,0,18
41,Bachelor,Married,61014.0,129,495,182,43,29
67,Bachelor,Other,32144.0,0,10,0,0,3
58,Basic,Other,14918.0,3,3,15,4,15
58,Bachelor,Divorced,45146.0,0,5,0,0,15
66,Master,Divorced,41769.0,29,131,32,0,27
40,Bachelor,Other,88325.0,71,860,93,27,53
71,Master,Divorced,38054.0,2,17,2,1,0
26,Master,Single,80617.0,51,631,72,55,32
67,Bachelor,Other,36807.0,2,5,0,0,5
38,Bachelor,Other,28427.0,3,19,3,3,6
73,PhD,Widow,82032.0,194,377,149,125,57
43,Bachelor,Other,22775.0,1,8,0,0,1
36,Master,Other,40101.0,3,129,26,24,62
42,Bachelor,Married,58025.0,31,88,11,48,22
39,Master,Single,75777.0,26,538,69,13,80
58,Master,Married,33562.0,12,12,0,3,3
51,PhD,Single,57642.0,6,58,8,0,27
53,Bachelor,Other,58554.0,24,68,38,0,88
42,Bachelor,Married,63777.0,5,106,15,17,53
59,Bachelor,Single,57967.0,7,137,4,0,91
43,Master,Other,52247.25135379061,2,1607,12,4,22
49,Bachelor,Married,24434.0,2,8,20,0,17
37,Bachelor,Single,11012.0,3,26,7,1,23
51,Master,Single,44802.0,10,143,13,10,20
35,Bachelor,Single,26816.0,1,6,3,4,3
47,Bachelor,Married,34421.0,3,7,6,2,9
54,Bachelor,Married,61223.0,43,182,42,118,247
75,PhD,Other,64014.0,0,30,0,0,8
40,Bachelor,Divorced,56981.0,48,217,32,12,24
65,Master,Other,69245.0,30,214,80,30,61
67,PhD,Married,52869.0,3,61,2,1,21
